Line,financial_period,period,line_period_ridership
Bakerloo,01_11/12,1,9324135.597436992
Bakerloo,01_12/13,1,8806112.335122824
Bakerloo,01_13/14,1,8988177.313879004
Bakerloo,01_14/15,1,8769839.906235635
Bakerloo,01_15/16,1,10814469.46376167
Bakerloo,01_16/17,1,9244429.750798257
Bakerloo,01_17/18,1,9761956.66435731
Bakerloo,01_18/19,1,9510693.03423124
Bakerloo,01_19/20,1,9823121.341969864
Bakerloo,01_21/22,1,3436714.2311289245
Bakerloo,01_22/23,1,7277747.710449723
Bakerloo,01_23/24,1,8408003.81097561
Bakerloo,02_11/12,2,8976525.27911149
Bakerloo,02_12/13,2,9193303.29461526
Bakerloo,02_13/14,2,9485893.972953737
Bakerloo,02_14/15,2,9105622.064807722
Bakerloo,02_15/16,2,9710175.046687417
Bakerloo,02_16/17,2,8556359.235195937
Bakerloo,02_17/18,2,9901946.482679835
Bakerloo,02_18/19,2,9703663.617534483
Bakerloo,02_19/20,2,10365276.776185228
Bakerloo,02_21/22,2,3905357.080828323
Bakerloo,02_22/23,2,7360449.388977561
Bakerloo,02_23/24,2,8104764.3292682925
Bakerloo,03_11/12,3,9088987.440922683
Bakerloo,03_12/13,3,8905392.068326013
Bakerloo,03_13/14,3,9359025.02064057
Bakerloo,03_14/15,3,9698178.815229049
Bakerloo,03_15/16,3,10081446.445531348
Bakerloo,03_16/17,3,8434935.026560232
Bakerloo,03_17/18,3,9481977.027712265
Bakerloo,03_18/19,3,9593394.712789772
Bakerloo,03_19/20,3,11146348.164461596
Bakerloo,03_21/22,3,4465890.685370741
Bakerloo,03_22/23,3,6588567.056051075
Bakerloo,03_23/24,3,8288545.833333334
Bakerloo,04_11/12,4,9457045.425032036
Bakerloo,04_12/13,4,9620206.14738897
Bakerloo,04_13/14,4,9837223.379359432
Bakerloo,04_14/15,4,10132720.432204688
Bakerloo,04_15/16,4,9643536.59048466
Bakerloo,04_16/17,4,8831587.441436864
Bakerloo,04_17/18,4,10172593.464770049
Bakerloo,04_18/19,4,10016092.180977829
Bakerloo,04_19/20,4,12304171.634141859
Bakerloo,04_21/22,4,4557781.440213761
Bakerloo,04_22/23,4,7470718.293681344
Bakerloo,04_23/24,4,8646919.766260162
Bakerloo,05_11/12,5,8741377.12259718
Bakerloo,05_12/13,5,10225812.51992842
Bakerloo,05_13/14,5,9183360.317437723
Bakerloo,05_14/15,5,9609295.302665848
Bakerloo,05_15/16,5,9005711.3668297
Bakerloo,05_16/17,5,8183991.662046443
Bakerloo,05_17/18,5,9425981.100383256
Bakerloo,05_18/19,5,9225831.696974073
Bakerloo,05_19/20,5,12111201.055861816
Bakerloo,05_21/22,5,4741562.9498998
Bakerloo,05_22/23,5,6790726.714674678
Bakerloo,05_23/24,5,7957739.12601626
Bakerloo,06_11/12,6,8720929.456813328
Bakerloo,06_12/13,6,9332294.921099724
Bakerloo,06_13/14,6,8880826.661921708
Bakerloo,06_14/15,6,9204381.523211276
Bakerloo,06_15/16,6,9291304.750555802
Bakerloo,06_16/17,6,7997807.875471698
Bakerloo,06_17/18,6,8996678.99086085
Bakerloo,06_18/19,6,8959348.510507692
Bakerloo,06_19/20,6,12469574.986953326
Bakerloo,06_21/22,6,5348041.931863727
Bakerloo,06_22/23,6,7314504.012017651
Bakerloo,06_23/24,6,7691255.9451219505
Bakerloo,07_11/12,7,9518388.422383597
Bakerloo,07_12/13,7,9749269.800553117
Bakerloo,07_13/14,7,9895778.280427046
Bakerloo,07_14/15,7,10280859.61981002
Bakerloo,07_15/16,7,10633593.654068476
Bakerloo,07_16/17,7,8936821.755587807
Bakerloo,07_17/18,7,10135262.846550707
Bakerloo,07_18/19,7,10098793.859536361
Bakerloo,07_19/20,7,13939827.01194414
Bakerloo,07_21/22,7,6404785.612558451
Bakerloo,07_22/23,7,8104764.495728101
Bakerloo,07_23/24,7,8582596.239837397
Bakerloo,08_11/12,8,9794431.910465613
Bakerloo,08_12/13,8,9967685.213600129
Bakerloo,08_13/14,8,10120238.734519573
Bakerloo,08_14/15,8,10725277.182626016
Bakerloo,08_15/16,8,10728791.448643843
Bakerloo,08_16/17,8,9114910.594920175
Bakerloo,08_17/18,8,10321915.937647406
Bakerloo,08_18/19,8,10356087.970607352
Bakerloo,08_19/20,8,13507940.479603088
Bakerloo,08_21/22,8,6772348.631930528
Bakerloo,08_22/23,8,8049630.043376208
Bakerloo,08_23/24,8,8803134.044715447
Bakerloo,09_11/12,9,9927341.738060659
Bakerloo,09_12/13,9,10116604.813404912
Bakerloo,09_13/14,9,10373976.639145907
Bakerloo,09_14/15,9,10982051.774475256
Bakerloo,09_15/16,9,10852548.581591818
Bakerloo,09_16/17,9,9446803.431857767
Bakerloo,09_17/18,9,10741885.392614976
Bakerloo,09_18/19,9,10861487.117353939
Bakerloo,09_19/20,9,13746856.433664095
Bakerloo,09_21/22,9,6965319.217100868
Bakerloo,09_22/23,9,8738810.697774857
Bakerloo,09_23/24,9,9354478.556910569
Bakerloo,10_11/12,10,8107499.483297735
Bakerloo,10_12/13,10,7843098.9230518965
Bakerloo,10_13/14,10,8187926.999288257
Bakerloo,10_14/15,10,8592072.88110924
Bakerloo,10_15/16,10,8129891.656736327
Bakerloo,10_16/17,10,7204503.045718432
Bakerloo,10_17/18,10,8184738.0445902115
Bakerloo,10_18/19,10,8444760.28836571
Bakerloo,10_19/20,10,10107982.671811834
Bakerloo,10_21/22,10,4171840.2698730794
Bakerloo,10_22/23,10,6294516.643507652
Bakerloo,10_23/24,10,7489096.290650407
Bakerloo,11_11/12,11,9181001.936950022
Bakerloo,11_12/13,11,9103951.53473239
Bakerloo,11_13/14,11,9446857.372241993
Bakerloo,11_14/15,11,9895697.732036157
Bakerloo,11_15/16,11,10167124.460649177
Bakerloo,11_16/17,11,8248751.2399854865
Bakerloo,11_17/18,11,9845950.555350825
Bakerloo,11_18/19,11,9804743.446883801
Bakerloo,11_19/20,11,11265806.141492099
Bakerloo,11_21/22,11,5531823.441549766
Bakerloo,11_22/23,11,7829092.233968642
Bakerloo,11_23/24,11,8012873.577235772
Bakerloo,12_11/12,12,9354807.096112773
Bakerloo,12_12/13,12,9600350.200748334
Bakerloo,12_13/14,12,9202878.617793595
Bakerloo,12_14/15,12,10438874.753255706
Bakerloo,12_15/16,12,10405118.947087595
Bakerloo,12_16/17,12,8766827.863497823
Bakerloo,12_17/18,12,9827285.246241158
Bakerloo,12_18/19,12,10181495.538094895
Bakerloo,12_19/20,12,11578234.696802646
Bakerloo,12_21/22,12,6009655.366733468
Bakerloo,12_22/23,12,8251789.701999812
Bakerloo,12_23/24,12,8555029.014227642
Bakerloo,13_11/12,13,9477493.09081589
Bakerloo,13_12/13,13,9590422.227428013
Bakerloo,13_13/14,13,10442290.690391459
Bakerloo,13_14/15,13,11485725.012333384
Bakerloo,13_15/16,13,8996191.587372165
Bakerloo,13_16/17,13,8580644.076923078
Bakerloo,13_17/18,13,9827285.246241158
Bakerloo,13_18/19,13,10484735.026142847
Bakerloo,13_19/20,13,7654499.605108416
Bakerloo,13_21/22,13,6469109.140948564
Bakerloo,13_22/23,13,7801525.007792695
Bakerloo,13_23/24,13,8610163.465447156
Central,01_11/12,1,31505139.108415205
Central,01_12/13,1,30296171.137140065
Central,01_13/14,1,32252798.13380783
Central,01_14/15,1,30502780.272713345
Central,01_15/16,1,37569504.50629909
Central,01_16/17,1,38974013.40174165
Central,01_17/18,1,35647513.2474941
Central,01_18/19,1,34729979.08788907
Central,01_19/20,1,35870867.281024136
Central,01_21/22,1,12549769.916366067
Central,01_22/23,1,26575983.921885267
Central,01_23/24,1,30703314.89075203
Central,02_11/12,2,30330605.413583938
Central,02_12/13,2,31628246.305514883
Central,02_13/14,2,34038783.69822064
Central,02_14/15,2,31670679.51738931
Central,02_15/16,2,33733181.863050245
Central,02_16/17,2,36073145.50406386
Central,02_17/18,2,36158710.85620578
Central,02_18/19,2,35434645.330252044
Central,02_19/20,2,37850643.86622565
Central,02_21/22,2,14261102.17768871
Central,02_22/23,2,26877983.73917942
Central,02_23/24,2,29595982.222560976
Central,03_11/12,3,30710601.608970527
Central,03_12/13,3,30637728.87262079
Central,03_13/14,3,33583532.475919336
Central,03_14/15,3,33731678.18446453
Central,03_15/16,3,35022979.99310805
Central,03_16/17,3,35561227.63976778
Central,03_17/18,3,34625118.03007076
Central,03_18/19,3,35031978.906044625
Central,03_19/20,3,40702864.37032954
Central,03_21/22,3,16307989.784368737
Central,03_22/23,3,24059318.777767345
Central,03_23/24,3,30267092.93055556
Central,04_11/12,4,31954225.521144807
Central,04_12/13,4,33096944.56808199
Central,04_13/14,4,35299479.39074733
Central,04_14/15,4,35243077.20698636
Central,04_15/16,4,33501679.634578332
Central,04_16/17,4,37233492.66313498
Central,04_17/18,4,37147026.23304835
Central,04_18/19,4,36575533.53217303
Central,04_19/20,4,44930861.82347176
Central,04_21/22,4,16643545.12972612
Central,04_22/23,4,27280650.162238285
Central,04_23/24,4,31575758.81114499
Central,05_11/12,5,29536067.914139256
Central,05_12/13,5,35180446.754514396
Central,05_13/14,5,32953184.62965599
Central,05_14/15,5,33422528.384403244
Central,05_15/16,5,31285872.590632875
Central,05_16/17,5,34503264.053555876
Central,05_17/18,5,34420638.98658609
Central,05_18/19,5,33689757.49201993
Central,05_19/20,5,44226195.581281394
Central,05_21/22,5,17314655.82044088
Central,05_22/23,5,24797540.55337527
Central,05_23/24,5,29059093.656165313
Central,06_11/12,6,29466977.696796242
Central,06_12/13,6,32106427.1351879
Central,06_13/14,6,31867585.561091337
Central,06_14/15,6,32014179.295235176
Central,06_15/16,6,32278024.99836964
Central,06_16/17,6,33718323.328301884
Central,06_17/18,6,32852966.319870282
Central,06_18/19,6,32716646.966852024
Central,06_19/20,6,45534861.45963494
Central,06_21/22,6,19529321.0997996
Central,06_22/23,6,26710206.062904894
Central,06_23/24,6,28085983.129573166
Central,07_11/12,7,32161496.173173856
Central,07_12/13,7,33540969.624206934
Central,07_13/14,7,35509595.339501776
Central,07_14/15,7,35758326.87375517
Central,07_15/16,7,36941141.31473248
Central,07_16/17,7,37677154.81219158
Central,07_17/18,7,37010706.87072524
Central,07_18/19,7,36877533.350328594
Central,07_19/20,7,50903747.114418715
Central,07_21/22,7,23388207.571409486
Central,07_22/23,7,29595982.094826777
Central,07_23/24,7,31340870.06334688
Central,08_11/12,8,33094214.107304573
Central,08_12/13,8,34292396.642264515
Central,08_13/14,8,36315039.80972717
Central,08_14/15,8,37304075.87406159
Central,08_15/16,8,37271858.78397807
Central,08_16/17,8,38427967.679825835
Central,08_17/18,8,37692303.6823408
Central,08_18/19,8,37817088.34014588
Central,08_19/20,8,49326636.95332599
Central,08_21/22,8,24730428.952839013
Central,08_22/23,8,29394648.883297343
Central,08_23/24,8,32146202.912940383
Central,09_11/12,9,33543300.520034175
Central,09_12/13,9,34804733.245485604
Central,09_13/14,9,37225542.25432978
Central,09_14/15,9,38197175.29646085
Central,09_15/16,9,37701791.493997335
Central,09_16/17,9,39827209.842235126
Central,09_17/18,9,39225896.508475825
Central,09_18/19,9,39662642.78442983
Central,09_19/20,9,50199080.872228354
Central,09_21/22,9,25435095.17808951
Central,09_22/23,9,31911314.027415268
Central,09_23/24,9,34159535.036924124
Central,10_11/12,10,27394271.176505763
Central,10_12/13,10,26983061.102977064
Central,10_13/14,10,29381213.50083037
Central,10_14/15,10,29884480.672590777
Central,10_15/16,10,28243271.87357344
Central,10_16/17,10,30373793.28156749
Central,10_17/18,10,29888020.189342566
Central,10_18/19,10,30837536.987217445
Central,10_19/20,10,36911088.876638494
Central,10_21/22,10,15234212.679225117
Central,10_22/23,10,22985541.649610367
Central,10_23/24,10,27347761.350779135
Central,11_11/12,11,31021507.587014094
Central,11_12/13,11,31320844.34358223
Central,11_13/14,11,33898706.39905101
Central,11_14/15,11,34418677.74015627
Central,11_15/16,11,35320625.71542908
Central,11_16/17,11,34776286.91451379
Central,11_17/18,11,35954231.8127211
Central,11_18/19,11,35803756.219108835
Central,11_19/20,11,41139086.32978072
Central,11_21/22,11,20200431.79051436
Central,11_22/23,11,28589316.037179608
Central,11_23/24,11,29260426.868563686
Central,12_11/12,12,31608774.43442973
Central,12_12/13,12,33028633.02098585
Central,12_13/14,12,33023223.27924081
Central,12_14/15,12,36307926.518308565
Central,12_15/16,12,36147419.388543054
Central,12_16/17,12,36960469.80217707
Central,12_17/18,12,35886072.13155955
Central,12_18/19,12,37179533.16848415
Central,12_19/20,12,42279974.53142227
Central,12_21/22,12,21945319.586372748
Central,12_22/23,12,30132870.658905268
Central,12_23/24,12,31240203.4571477
Central,13_11/12,13,32023315.73848782
Central,13_12/13,13,32994477.247437775
Central,13_13/14,13,37470677.52787663
Central,13_14/15,13,39949024.1634748
Central,13_15/16,13,31252800.843708314
Central,13_16/17,13,36175529.07692308
Central,13_17/18,13,35886072.13155955
Central,13_18/19,13,38286865.835054524
Central,13_19/20,13,27951760.940218054
Central,13_21/22,13,23623096.313159656
Central,13_22/23,13,28488649.43141489
Central,13_23/24,13,31441536.66954607
District,01_11/12,1,40351342.83947031
District,01_12/13,1,38706177.944281764
District,01_13/14,1,40647739.28161328
District,01_14/15,1,39669365.16439405
District,01_15/16,1,48762472.518156216
District,01_16/17,1,48673565.12525399
District,01_17/18,1,44282650.22228774
District,01_18/19,1,43142855.46291615
District,01_19/20,1,44560108.9137572
District,01_21/22,1,15589785.620307282
District,01_22/23,1,33013663.456201293
District,01_23/24,1,38140785.37728658
District,02_11/12,2,38847016.46168304
District,02_12/13,2,40408027.93281275
District,02_13/14,2,42898591.29395018
District,02_14/15,2,41188237.25402176
District,02_15/16,2,43783205.95820364
District,02_16/17,2,45050751.60892598
District,02_17/18,2,44917678.667158015
District,02_18/19,2,44018217.74767097
District,02_19/20,2,47019460.10731349
District,02_21/22,2,17715665.47762191
District,02_22/23,2,33388818.72274904
District,02_23/24,2,36765216.06859756
District,03_11/12,3,39333710.28979069
District,03_12/13,3,39142549.73621279
District,03_13/14,3,42324844.702570185
District,03_14/15,3,43868599.76512946
District,03_15/16,3,45457269.715429075
District,03_16/17,3,44411431.576632805
District,03_17/18,3,43012593.33254717
District,03_18/19,3,43518010.727811076
District,03_19/20,3,50562593.182775944
District,03_21/22,3,20258384.52264529
District,03_22/23,3,29887369.568303447
District,03_23/24,3,37598894.4375
District,04_11/12,4,40926526.45450662
District,04_12/13,4,42284426.63811615
District,04_13/14,4,44487428.00854093
District,04_14/15,4,45834198.93994178
District,04_15/16,4,43482732.97613754
District,04_16/17,4,46499877.01545718
District,04_17/18,4,46145400.32724057
District,04_18/19,4,45435470.970607355
District,04_19/20,4,55814766.91816734
District,04_21/22,4,20675223.71035404
District,04_22/23,4,33889025.74481269
District,04_23/24,4,39224567.25685976
District,05_11/12,5,37829383.91200342
District,05_12/13,5,44946294.56889539
District,05_13/14,5,41530426.34527481
District,05_14/15,5,43466545.3884633
District,05_15/16,5,40606777.29064769
District,05_16/17,5,43090170.17656023
District,05_17/18,5,42758581.95459906
District,05_18/19,5,41850653.99494475
District,05_19/20,5,54939404.62893544
District,05_21/22,5,21508902.085771546
District,05_22/23,5,30804415.775420144
District,05_23/24,5,36098273.37347561
District,06_11/12,6,37740894.12507476
District,06_12/13,6,41018948.44151619
District,06_13/14,6,40162261.39659944
District,06_14/15,6,41634964.33920637
District,06_15/16,6,41894518.64235956
District,06_16/17,6,42109879.46037736
District,06_17/18,6,40811161.39033019
District,06_18/19,6,40641820.36361667
District,06_19/20,6,56565077.451794684
District,06_21/22,6,24260040.7246493
District,06_22/23,6,33180399.130222514
District,06_23/24,6,34889439.73856707
District,07_11/12,7,41191995.815292604
District,07_12/13,7,42851709.96762649
District,07_13/14,7,44752234.12763938
District,07_14/15,7,46504289.56771871
District,07_15/16,7,47946902.99540537
District,07_16/17,7,47053954.37677794
District,07_17/18,7,45976059.408608496
District,07_18/19,7,45810626.23550227
District,07_19/20,7,63234504.417371064
District,07_21/22,7,29053691.383299936
District,07_22/23,7,36765216.12167871
District,07_23/24,7,38932779.827743895
District,08_11/12,8,42386607.93882956
District,08_12/13,8,43811727.90987474
District,08_13/14,8,45767324.25085014
District,08_14/15,8,48514561.45104949
District,08_15/16,8,48376150.11264266
District,08_16/17,8,47991623.75747461
District,08_17/18,8,46822764.00176887
District,08_18/19,8,46977775.9485087
District,08_19/20,8,61275360.246233
District,08_21/22,8,30721048.134134937
District,08_22/23,8,36515112.61064689
District,08_23/24,8,39933193.87042683
District,09_11/12,9,42961791.55386587
District,09_12/13,9,44466285.59777127
District,09_13/14,9,46914817.43361013
District,09_14/15,9,49676051.87252949
District,09_15/16,9,48934171.365051135
District,09_16/17,9,49739098.51240929
District,09_17/18,9,48727849.336379714
District,09_18/19,9,49270391.4561999
District,09_19/20,9,62359142.12813917
District,09_21/22,9,31596410.42832331
District,09_22/23,9,39641406.49854474
District,09_23/24,9,42434228.977134146
District,10_11/12,10,35086200.517214864
District,10_12/13,10,34473371.56255084
District,10_13/14,10,37028722.32060103
District,10_14/15,10,38865256.41106175
District,10_15/16,10,36657703.812064625
District,10_16/17,10,37932988.582728595
District,10_17/18,10,37127996.41008254
District,10_18/19,10,38307520.93760381
District,10_19/20,10,45852310.38833762
District,10_21/22,10,18924499.12197729
District,10_22/23,10,28553484.176133696
District,10_23/24,10,33972393.532774396
District,11_11/12,11,39731914.33096967
District,11_12/13,11,40015293.320074834
District,11_13/14,11,42722053.881217875
District,11_14/15,11,44762053.9354987
District,11_15/16,11,45843592.120942645
District,11_16/17,11,43431140.86044993
District,11_17/18,11,44663667.2892099
District,11_18/19,11,44476740.84920922
District,11_19/20,11,51104484.12372902
District,11_21/22,11,25093719.1000668
District,11_22/23,11,35514698.56651957
District,11_23/24,11,36348376.88414634
District,12_11/12,12,40484077.5198633
District,12_12/13,12,42197152.279729955
District,12_13/14,12,41618695.051640965
District,12_14/15,12,47219052.904014096
District,12_15/16,12,46916709.91403587
District,12_16/17,12,46158906.33156749
District,12_17/18,12,44578996.82989387
District,12_18/19,12,46185781.5003972
District,12_19/20,12,52521737.35391401
District,12_21/22,12,27261282.87615231
District,12_22/23,12,37432158.8177636
District,12_23/24,12,38807728.072408535
District,13_11/12,13,41015016.24143528
District,13_12/13,13,42153515.100536846
District,13_13/14,13,47223757.90589166
District,13_14/15,13,51954360.00697105
District,13_15/16,13,40563852.57892396
District,13_16/17,13,45178615.615384616
District,13_17/18,13,44578996.82989387
District,13_18/19,13,47561350.80501191
District,13_19/20,13,34722704.13953204
District,13_21/22,13,29345478.81469606
District,13_22/23,13,35389646.81100366
District,13_23/24,13,39057831.58307927
Hammersmith & City,01_11/12,1,5652726.143015805
Hammersmith & City,01_12/13,1,5384419.865300146
Hammersmith & City,01_13/14,1,5873069.144721233
Hammersmith & City,01_14/15,1,5612644.066799449
Hammersmith & City,01_15/16,1,6981951.213872832
Hammersmith & City,01_16/17,1,6934104.330333817
Hammersmith & City,01_17/18,1,6485488.174233491
Hammersmith & City,01_18/19,1,6318557.649671408
Hammersmith & City,01_19/20,1,6526123.799522234
Hammersmith & City,01_21/22,1,2283227.678289913
Hammersmith & City,01_22/23,1,4835070.248427377
Hammersmith & City,01_23/24,1,5585971.318597561
Hammersmith & City,02_11/12,2,5441988.545578812
Hammersmith & City,02_12/13,2,5621164.368960468
Hammersmith & City,02_13/14,2,6198287.957295373
Hammersmith & City,02_14/15,2,5827542.600888616
Hammersmith & City,02_15/16,2,6269005.491329479
Hammersmith & City,02_16/17,2,6417993.237445573
Hammersmith & City,02_17/18,2,6578492.3067511795
Hammersmith & City,02_18/19,2,6446760.268650249
Hammersmith & City,02_19/20,2,6886312.110253584
Hammersmith & City,02_21/22,2,2594576.9071476283
Hammersmith & City,02_22/23,2,4890014.228523144
Hammersmith & City,02_23/24,2,5384510.057926829
Hammersmith & City,03_11/12,3,5510168.3565143095
Hammersmith & City,03_12/13,3,5445123.584187409
Hammersmith & City,03_13/14,3,6115389.04428628
Hammersmith & City,03_14/15,3,6206775.308104795
Hammersmith & City,03_15/16,3,6508702.760115607
Hammersmith & City,03_16/17,3,6326914.809288825
Hammersmith & City,03_17/18,3,6299479.909198114
Hammersmith & City,03_18/19,3,6373501.629233769
Hammersmith & City,03_19/20,3,7405227.473171628
Hammersmith & City,03_21/22,3,2966975.0044088177
Hammersmith & City,03_22/23,3,4377203.7476293305
Hammersmith & City,03_23/24,3,5506607.791666667
Hammersmith & City,04_11/12,4,5733302.283212302
Hammersmith & City,04_12/13,4,5882190.360175695
Hammersmith & City,04_13/14,4,6427854.177935943
Hammersmith & City,04_14/15,4,6484879.293396659
Hammersmith & City,04_15/16,4,6225982.904624278
Hammersmith & City,04_16/17,4,6624437.67460087
Hammersmith & City,04_17/18,4,6758300.296285378
Hammersmith & City,04_18/19,4,6654326.41366361
Hammersmith & City,04_19/20,4,8174443.187614847
Hammersmith & City,04_21/22,4,3028023.8728122916
Hammersmith & City,04_22/23,4,4963272.86865083
Hammersmith & City,04_23/24,4,5744698.372459349
Hammersmith & City,05_11/12,5,5299430.759077318
Hammersmith & City,05_12/13,5,6252483.045387994
Hammersmith & City,05_13/14,5,6000605.933965995
Hammersmith & City,05_14/15,5,6149890.402022368
Hammersmith & City,05_15/16,5,5814195.289017341
Hammersmith & City,05_16/17,5,6138686.057764877
Hammersmith & City,05_17/18,5,6262278.2561910385
Hammersmith & City,05_18/19,5,6129306.164512169
Hammersmith & City,05_19/20,5,8046240.568540977
Hammersmith & City,05_21/22,5,3150121.609619239
Hammersmith & City,05_22/23,5,4511511.254530091
Hammersmith & City,05_23/24,5,5286831.870934959
Hammersmith & City,06_11/12,6,5287034.429816318
Hammersmith & City,06_12/13,6,5706149.575402636
Hammersmith & City,06_13/14,6,5802923.910636615
Hammersmith & City,06_14/15,6,5890748.0520913135
Hammersmith & City,06_15/16,6,5998577.803468208
Hammersmith & City,06_16/17,6,5999032.467924528
Hammersmith & City,06_17/18,6,5977065.583136792
Hammersmith & City,06_18/19,6,5952264.452589009
Hammersmith & City,06_19/20,6,8284331.146821022
Hammersmith & City,06_21/22,6,3553044.141082165
Hammersmith & City,06_22/23,6,4859489.795136607
Hammersmith & City,06_23/24,6,5109790.157012194
Hammersmith & City,07_11/12,7,5770491.270995301
Hammersmith & City,07_12/13,7,5961105.194729136
Hammersmith & City,07_13/14,7,6466115.214709371
Hammersmith & City,07_14/15,7,6579687.470200704
Hammersmith & City,07_15/16,7,6865175.621387283
Hammersmith & City,07_16/17,7,6703372.31233672
Hammersmith & City,07_17/18,7,6733499.19428066
Hammersmith & City,07_18/19,7,6709270.393225969
Hammersmith & City,07_19/20,7,9261113.006431459
Hammersmith & City,07_21/22,7,4255106.127722111
Hammersmith & City,07_22/23,7,5384510.049385034
Hammersmith & City,07_23/24,7,5701964.165650406
Hammersmith & City,08_11/12,8,5937841.716018796
Hammersmith & City,08_12/13,8,6094653.376281112
Hammersmith & City,08_13/14,8,6612782.522340846
Hammersmith & City,08_14/15,8,6864112.000612839
Hammersmith & City,08_15/16,8,6926636.459537573
Hammersmith & City,08_16/17,8,6836954.00696662
Hammersmith & City,08_17/18,8,6857504.704304247
Hammersmith & City,08_18/19,8,6880207.21853109
Hammersmith & City,08_19/20,8,8974183.335170893
Hammersmith & City,08_21/22,8,4499301.601336006
Hammersmith & City,08_22/23,8,5347880.72932119
Hammersmith & City,08_23/24,8,5848481.4461382115
Hammersmith & City,09_11/12,9,6018417.856215293
Hammersmith & City,09_12/13,9,6185708.9546120055
Hammersmith & City,09_13/14,9,6778580.348359035
Hammersmith & City,09_14/15,9,7028446.173739849
Hammersmith & City,09_15/16,9,7006535.549132947
Hammersmith & City,09_16/17,9,7085901.710595066
Hammersmith & City,09_17/18,9,7136517.101857311
Hammersmith & City,09_18/19,9,7215975.98252329
Hammersmith & City,09_19/20,9,9132910.387357589
Hammersmith & City,09_21/22,9,4627504.224983299
Hammersmith & City,09_22/23,9,5805747.230119238
Hammersmith & City,09_23/24,9,6214774.647357724
Hammersmith & City,10_11/12,10,4915144.55198633
Hammersmith & City,10_12/13,10,4795593.792093705
Hammersmith & City,10_13/14,10,5350168.308817715
Hammersmith & City,10_14/15,10,5498874.2546345955
Hammersmith & City,10_15/16,10,5248755.578034682
Hammersmith & City,10_16/17,10,5403986.737300436
Hammersmith & City,10_17/18,10,5437641.614534197
Hammersmith & City,10_18/19,10,5610390.801978768
Hammersmith & City,10_19/20,10,6715375.284821756
Hammersmith & City,10_21/22,10,2771618.625517702
Hammersmith & City,10_22/23,10,4181847.3739554966
Hammersmith & City,10_23/24,10,4975482.6498983735
Hammersmith & City,11_11/12,11,5565951.8381888075
Hammersmith & City,11_12/13,11,5566531.021961933
Hammersmith & City,11_13/14,11,6172780.5994464215
Hammersmith & City,11_14/15,11,6333186.210510188
Hammersmith & City,11_15/16,11,6564017.514450868
Hammersmith & City,11_16/17,11,6187261.219448476
Hammersmith & City,11_17/18,11,6541290.653744102
Hammersmith & City,11_18/19,11,6513914.0214486895
Hammersmith & City,11_19/20,11,7484590.999264976
Hammersmith & City,11_21/22,11,3675141.8778891116
Hammersmith & City,11_22/23,11,5201363.449065815
Hammersmith & City,11_23/24,11,5323461.191056911
Hammersmith & City,12_11/12,12,5671320.636907304
Hammersmith & City,12_12/13,12,5870049.616398243
Hammersmith & City,12_13/14,12,6013359.612890471
Hammersmith & City,12_14/15,12,6680816.19212502
Hammersmith & City,12_15/16,12,6717669.60982659
Hammersmith & City,12_16/17,12,6575862.512917272
Hammersmith & City,12_17/18,12,6528890.102741746
Hammersmith & City,12_18/19,12,6764214.372788331
Hammersmith & City,12_19/20,12,7692157.1444321945
Hammersmith & City,12_21/22,12,3992595.993587175
Hammersmith & City,12_22/23,12,5482188.236221951
Hammersmith & City,12_23/24,12,5683649.505589432
Hammersmith & City,13_11/12,13,5745698.612473302
Hammersmith & City,13_12/13,13,5863979.244509517
Hammersmith & City,13_13/14,13,6823218.224594701
Hammersmith & City,13_14/15,13,7350793.974873602
Hammersmith & City,13_15/16,13,5808049.205202312
Hammersmith & City,13_16/17,13,6436208.923076924
Hammersmith & City,13_17/18,13,6528890.102741746
Hammersmith & City,13_18/19,13,6965675.631183649
Hammersmith & City,13_19/20,13,5085370.556596839
Hammersmith & City,13_21/22,13,4297840.335604543
Hammersmith & City,13_22/23,13,5183048.7890338935
Hammersmith & City,13_23/24,13,5720278.825711383
Jubilee,01_11/12,1,11983626.939598462
Jubilee,01_12/13,1,12295976.46193265
Jubilee,01_13/14,1,12944899.28896797
Jubilee,01_14/15,1,12615906.06526735
Jubilee,01_15/16,1,16803920.275085222
Jubilee,01_16/17,1,17003879.028301883
Jubilee,01_17/18,1,15767571.60053066
Jubilee,01_18/19,1,15361728.84343179
Jubilee,01_19/20,1,15866365.34821757
Jubilee,01_21/22,1,5551001.53747495
Jubilee,01_22/23,1,11755062.018589802
Jubilee,01_23/24,1,13580658.904979674
Jubilee,02_11/12,2,11536868.917727467
Jubilee,02_12/13,2,12836611.27818448
Jubilee,02_13/14,2,13661717.816370105
Jubilee,02_14/15,2,13098947.513712272
Jubilee,02_15/16,2,15088027.007558916
Jubilee,02_16/17,2,15738266.316037737
Jubilee,02_17/18,2,15993684.003979951
Jubilee,02_18/19,2,15673416.095327508
Jubilee,02_19/20,2,16742058.10363837
Jubilee,02_21/22,2,6307956.29258517
Jubilee,02_22/23,2,11888642.268801052
Jubilee,02_23/24,2,13090864.649390243
Jubilee,03_11/12,3,11681408.277744554
Jubilee,03_12/13,3,12434600.773792095
Jubilee,03_13/14,3,13478999.368208777
Jubilee,03_14/15,3,13951373.599203307
Jubilee,03_15/16,3,15664922.157847932
Jubilee,03_16/17,3,15514922.896226415
Jubilee,03_17/18,3,15315346.793632075
Jubilee,03_18/19,3,15495309.09424424
Jubilee,03_19/20,3,18003649.361447997
Jubilee,03_21/22,3,7213333.548697394
Jubilee,03_22/23,3,10641893.266829407
Jubilee,03_23/24,3,13387709.652777778
Jubilee,04_11/12,4,12154446.183255019
Jubilee,04_12/13,4,13432695.819180088
Jubilee,04_13/14,4,14167707.365124555
Jubilee,04_14/15,4,14576486.061896736
Jubilee,04_15/16,4,14984481.724173708
Jubilee,04_16/17,4,16244511.400943395
Jubilee,04_17/18,4,16430834.650648585
Jubilee,04_18/19,4,16178052.598396765
Jubilee,04_19/20,4,19873772.873024624
Jubilee,04_21/22,4,7361756.049699399
Jubilee,04_22/23,4,12066749.269082716
Jubilee,04_23/24,4,13966557.409383468
Jubilee,05_11/12,5,11234650.255873559
Jubilee,05_12/13,5,14278304.121522693
Jubilee,05_13/14,5,13226004.593831554
Jubilee,05_14/15,5,13823509.686379652
Jubilee,05_15/16,5,13993405.440343857
Jubilee,05_16/17,5,15053346.495283017
Jubilee,05_17/18,5,15224901.83225236
Jubilee,05_18/19,5,14901619.09063335
Jubilee,05_19/20,5,19562085.621095188
Jubilee,05_21/22,5,7658601.051703407
Jubilee,05_22/23,5,10968422.767345788
Jubilee,05_23/24,5,12853388.646680217
Jubilee,06_11/12,6,11208370.37223409
Jubilee,06_12/13,6,13030685.314787703
Jubilee,06_13/14,6,12790291.371293
Jubilee,06_14/15,6,13241018.527960777
Jubilee,06_15/16,6,14437170.940566177
Jubilee,06_16/17,6,14710886.58490566
Jubilee,06_17/18,6,14531490.461674528
Jubilee,06_18/19,6,14471193.838015454
Jubilee,06_19/20,6,20140933.374678425
Jubilee,06_21/22,6,8638189.558316633
Jubilee,06_22/23,6,11814431.018683692
Jubilee,06_23/24,6,12422963.391768292
Jubilee,07_11/12,7,12233285.83417343
Jubilee,07_12/13,7,13612907.424597366
Jubilee,07_13/14,7,14252038.956583628
Jubilee,07_14/15,7,14789592.583269497
Jubilee,07_15/16,7,16522868.791611087
Jubilee,07_16/17,7,16438075.698113207
Jubilee,07_17/18,7,16370538.009728774
Jubilee,07_18/19,7,16311632.849209215
Jubilee,07_19/20,7,22515693.389378905
Jubilee,07_21/22,7,10345048.31983968
Jubilee,07_22/23,7,13090864.52070228
Jubilee,07_23/24,7,13862661.658197831
Jubilee,08_11/12,8,12588064.26330628
Jubilee,08_12/13,8,13917880.91068814
Jubilee,08_13/14,8,14575310.05717675
Jubilee,08_14/15,8,15428912.147387775
Jubilee,08_15/16,8,16670790.625018528
Jubilee,08_16/17,8,16765646.047169814
Jubilee,08_17/18,8,16672021.21432783
Jubilee,08_18/19,8,16727215.851736838
Jubilee,08_19/20,8,21818107.63506064
Jubilee,08_21/22,8,10938738.323847694
Jubilee,08_22/23,8,13001811.02056145
Jubilee,08_23/24,8,14218875.662262874
Jubilee,09_11/12,9,12758883.506962838
Jubilee,09_12/13,9,14125817.378477305
Jubilee,09_13/14,9,14940746.953499407
Jubilee,09_14/15,9,15798296.78443389
Jubilee,09_15/16,9,16863089.0084482
Jubilee,09_16/17,9,17376118.061320756
Jubilee,09_17/18,9,17350358.424675707
Jubilee,09_18/19,9,17543539.60670181
Jubilee,09_19/20,9,22204006.13744947
Jubilee,09_21/22,9,11250425.575951904
Jubilee,09_22/23,9,14114979.772321848
Jubilee,09_23/24,9,15109410.672425475
Jubilee,10_11/12,10,10419973.863049978
Jubilee,10_12/13,10,10951320.636896048
Jubilee,10_13/14,10,11792367.539027285
Jubilee,10_14/15,10,12360178.239620041
Jubilee,10_15/16,10,12632524.572995406
Jubilee,10_16/17,10,13251709.5754717
Jubilee,10_17/18,10,13220038.521668632
Jubilee,10_18/19,10,13640027.832960207
Jubilee,10_19/20,10,16326475.101065785
Jubilee,10_21/22,10,6738381.545490982
Jubilee,10_22/23,10,10166941.266078303
Jubilee,10_23/24,10,12096433.888042007
Jubilee,11_11/12,11,11799667.75412217
Jubilee,11_12/13,11,12711849.397510981
Jubilee,11_13/14,11,13605496.75539739
Jubilee,11_14/15,11,14235515.627700321
Jubilee,11_15/16,11,15798051.80791463
Jubilee,11_16/17,11,15172462.985849058
Jubilee,11_17/18,11,15903239.042600237
Jubilee,11_18/19,11,15836680.846320504
Jubilee,11_19/20,11,18196598.61264241
Jubilee,11_21/22,11,8935034.560320642
Jubilee,11_22/23,11,12645597.019998122
Jubilee,11_23/24,11,12942442.147696476
Jubilee,12_11/12,12,12023046.765057666
Jubilee,12_12/13,12,13404970.9568082
Jubilee,12_13/14,12,13254115.124317914
Jubilee,12_14/15,12,15016906.206067104
Jubilee,12_15/16,12,16167856.39143323
Jubilee,12_16/17,12,16125394.910377359
Jubilee,12_17/18,12,15873090.72214033
Jubilee,12_18/19,12,16445213.100021666
Jubilee,12_19/20,12,18701235.115766264
Jubilee,12_21/22,12,9706831.565531064
Jubilee,12_22/23,12,13328340.521077834
Jubilee,12_23/24,12,13818134.907689702
Jubilee,13_11/12,13,12180726.066894488
Jubilee,13_12/13,13,13391108.525622254
Jubilee,13_13/14,13,15039133.81020166
Jubilee,13_14/15,13,16522858.957101272
Jubilee,13_15/16,13,13978613.257003112
Jubilee,13_16/17,13,15782935.0
Jubilee,13_17/18,13,15873090.72214033
Jubilee,13_18/19,13,16935007.35300065
Jubilee,13_19/20,13,12363594.32653436
Jubilee,13_21/22,13,10448944.070541082
Jubilee,13_22/23,13,12601070.269927707
Jubilee,13_23/24,13,13907188.408705961
Metropolitan,01_11/12,1,24346157.271593336
Metropolitan,01_12/13,1,23336267.845778428
Metropolitan,01_13/14,1,24718597.074021354
Metropolitan,01_14/15,1,25480631.784893516
Metropolitan,01_15/16,1,31641471.27315844
Metropolitan,01_16/17,1,30884816.762409285
Metropolitan,01_17/18,1,29050041.09035967
Metropolitan,01_18/19,1,28302319.567054234
Metropolitan,01_19/20,1,29232057.877496023
Metropolitan,01_21/22,1,10227118.490848364
Metropolitan,01_22/23,1,21657427.1621444
Metropolitan,01_23/24,1,25020891.42911585
Metropolitan,02_11/12,2,23438515.44348569
Metropolitan,02_12/13,2,24362326.973157637
Metropolitan,02_13/14,2,26087379.322419927
Metropolitan,02_14/15,2,26456241.560441244
Metropolitan,02_15/16,2,28410475.96709649
Metropolitan,02_16/17,2,28586034.428955007
Metropolitan,02_17/18,2,29466628.677697524
Metropolitan,02_18/19,2,28876569.52928432
Metropolitan,02_19/20,2,30845426.83425212
Metropolitan,02_21/22,2,11621725.55778223
Metropolitan,02_22/23,2,21903534.28898695
Metropolitan,02_23/24,2,24118498.623475607
Metropolitan,03_11/12,3,23732164.270226397
Metropolitan,03_12/13,3,23599359.929721814
Metropolitan,03_13/14,3,25738474.04341637
Metropolitan,03_14/15,3,28177905.870231345
Metropolitan,03_15/16,3,29496758.871720765
Metropolitan,03_16/17,3,28180366.958345428
Metropolitan,03_17/18,3,28216865.915683966
Metropolitan,03_18/19,3,28548426.69372427
Metropolitan,03_19/20,3,33169771.9414431
Metropolitan,03_21/22,3,13289784.990781562
Metropolitan,03_22/23,3,19606534.438456483
Metropolitan,03_23/24,3,24665403.354166668
Metropolitan,04_11/12,4,24693196.794105083
Metropolitan,04_12/13,4,25493622.934114203
Metropolitan,04_13/14,4,27053578.556583628
Metropolitan,04_14/15,4,29440459.697410755
Metropolitan,04_15/16,4,28215502.112420335
Metropolitan,04_16/17,4,29505547.362336718
Metropolitan,04_17/18,4,30272031.34655071
Metropolitan,04_18/19,4,29806307.56337113
Metropolitan,04_19/20,4,36615271.74739679
Metropolitan,04_21/22,4,13563237.35684703
Metropolitan,04_22/23,4,22231677.124777015
Metropolitan,04_23/24,4,25731867.579014227
Metropolitan,05_11/12,5,22824522.442118753
Metropolitan,05_12/13,5,27098484.64616886
Metropolitan,05_13/14,5,25255374.42633452
Metropolitan,05_14/15,5,27919656.22376283
Metropolitan,05_15/16,5,26349323.78909145
Metropolitan,05_16/17,5,27341987.51908563
Metropolitan,05_17/18,5,28050230.880748823
Metropolitan,05_18/19,5,27454617.24185744
Metropolitan,05_19/20,5,36041021.779737845
Metropolitan,05_21/22,5,14110142.088977955
Metropolitan,05_22/23,5,20208129.637404937
Metropolitan,05_23/24,5,23680974.838922765
Metropolitan,06_11/12,6,22771131.746347714
Metropolitan,06_12/13,6,24730655.890678383
Metropolitan,06_13/14,6,24423369.530249108
Metropolitan,06_14/15,6,26743185.612072926
Metropolitan,06_15/16,6,27184926.023417816
Metropolitan,06_16/17,6,26719964.064150944
Metropolitan,06_17/18,6,26772695.612912737
Metropolitan,06_18/19,6,26661605.38925399
Metropolitan,06_19/20,6,37107486.005390175
Metropolitan,06_21/22,6,15914927.70501002
Metropolitan,06_22/23,6,21766808.107407756
Metropolitan,06_23/24,6,22887962.97942073
Metropolitan,07_11/12,7,24853368.881418195
Metropolitan,07_12/13,7,25835642.64324061
Metropolitan,07_13/14,7,27214611.762277577
Metropolitan,07_14/15,7,29870875.77485828
Metropolitan,07_15/16,7,31112256.52475174
Metropolitan,07_16/17,7,29857125.83686502
Metropolitan,07_17/18,7,30160941.323260613
Metropolitan,07_18/19,7,30052414.690041166
Metropolitan,07_19/20,7,41482723.854220256
Metropolitan,07_21/22,7,19059629.914762862
Metropolitan,07_22/23,7,24118498.4305699
Metropolitan,07_23/24,7,25540450.923272356
Metropolitan,08_11/12,8,25574143.27432721
Metropolitan,08_12/13,8,26414445.227916054
Metropolitan,08_13/14,8,27831905.717437726
Metropolitan,08_14/15,8,31162124.00720086
Metropolitan,08_15/16,8,31390790.602860533
Metropolitan,08_16/17,8,30452104.793759074
Metropolitan,08_17/18,8,30716391.439711086
Metropolitan,08_18/19,8,30818081.306347948
Metropolitan,08_19/20,8,40197497.73612642
Metropolitan,08_21/22,8,20153439.379024718
Metropolitan,08_22/23,8,23954427.012674868
Metropolitan,08_23/24,8,26196736.600101627
Metropolitan,09_11/12,9,25921182.796838958
Metropolitan,09_12/13,9,26809083.353831135
Metropolitan,09_13/14,9,28529716.27544484
Metropolitan,09_14/15,9,31908178.541443232
Metropolitan,09_15/16,9,31752884.904401958
Metropolitan,09_16/17,9,31560929.213425256
Metropolitan,09_17/18,9,31966154.201724645
Metropolitan,09_18/19,9,32322069.302664835
Metropolitan,09_19/20,9,40908473.88656132
Metropolitan,09_21/22,9,20727689.34776219
Metropolitan,09_22/23,9,26005319.736362785
Metropolitan,09_23/24,9,27837450.792174798
Metropolitan,10_11/12,10,21169410.873216573
Metropolitan,10_12/13,10,20784274.631527577
Metropolitan,10_13/14,10,22517809.929537367
Metropolitan,10_14/15,10,24964132.49195649
Metropolitan,10_15/16,10,23786810.27049059
Metropolitan,10_16/17,10,24069603.25616836
Metropolitan,10_17/18,10,24356487.606353182
Metropolitan,10_18/19,10,25130272.156640425
Metropolitan,10_19/20,10,30079760.210706845
Metropolitan,10_21/22,10,12414737.419372078
Metropolitan,10_22/23,10,18731486.87634964
Metropolitan,10_23/24,10,22286367.77566057
Metropolitan,11_11/12,11,23972422.40119607
Metropolitan,11_12/13,11,24125544.09760859
Metropolitan,11_13/14,11,25980023.8519573
Metropolitan,11_14/15,11,28751793.973494716
Metropolitan,11_15/16,11,29747439.542018674
Metropolitan,11_16/17,11,27558343.50341074
Metropolitan,11_17/18,11,29299993.64276238
Metropolitan,11_18/19,11,29177367.128547702
Metropolitan,11_19/20,11,33525260.01666054
Metropolitan,11_21/22,11,16461832.43714095
Metropolitan,11_22/23,11,23298141.341094732
Metropolitan,11_23/24,11,23845046.25813008
Metropolitan,12_11/12,12,24426243.315249894
Metropolitan,12_12/13,12,25441004.517325528
Metropolitan,12_13/14,12,25309052.161565837
Metropolitan,12_14/15,12,30329986.257468976
Metropolitan,12_15/16,12,30443774.73729065
Metropolitan,12_16/17,12,29289191.37801161
Metropolitan,12_17/18,12,29244448.631117336
Metropolitan,12_18/19,12,30298521.816711202
Metropolitan,12_19/20,12,34454998.059536934
Metropolitan,12_21/22,12,17883784.740681365
Metropolitan,12_22/23,12,24556022.211623322
Metropolitan,12_23/24,12,25458415.2136687
Metropolitan,13_11/12,13,24746587.489876118
Metropolitan,13_12/13,13,25414695.308931187
Metropolitan,13_13/14,13,28717588.348754447
Metropolitan,13_14/15,13,33371593.204764824
Metropolitan,13_15/16,13,26321470.381280567
Metropolitan,13_16/17,13,28667167.923076924
Metropolitan,13_17/18,13,29244448.631117336
Metropolitan,13_18/19,13,31200914.614501335
Metropolitan,13_19/20,13,22778582.05047164
Metropolitan,13_21/22,13,19251046.571008686
Metropolitan,13_22/23,13,23216105.632147215
Metropolitan,13_23/24,13,25622486.632876016
Northern,01_11/12,1,30592742.129346434
Northern,01_12/13,1,28873877.243045386
Northern,01_13/14,1,29570360.760616843
Northern,01_14/15,1,29775134.74674429
Northern,01_15/16,1,37678821.48154735
Northern,01_16/17,1,38186470.229172714
Northern,01_17/18,1,35482204.61939859
Northern,01_18/19,1,34568925.17982234
Northern,01_19/20,1,35704523.062905796
Northern,01_21/22,1,12491572.918102873
Northern,01_22/23,1,26452743.189559665
Northern,01_23/24,1,30560934.13363821
Northern,02_11/12,2,29452223.23417343
Northern,02_12/13,2,30143416.37774524
Northern,02_13/14,2,31207807.44768683
Northern,02_14/15,2,30915173.68975027
Northern,02_15/16,2,33831336.18941752
Northern,02_16/17,2,35344219.81806967
Northern,02_17/18,2,35991031.64548939
Northern,02_18/19,2,35270323.66173178
Northern,02_19/20,2,37675118.81661154
Northern,02_21/22,2,14194969.2251169
Northern,02_22/23,2,26753342.54398648
Northern,02_23/24,2,29458736.50914634
Northern,03_11/12,3,29821214.641435284
Northern,03_12/13,3,29199400.098096635
Northern,03_13/14,3,30790419.076472916
Northern,03_14/15,3,32927007.118584342
Northern,03_15/16,3,35124887.279012896
Northern,03_16/17,3,34842646.216110304
Northern,03_17/18,3,34464550.567216985
Northern,03_18/19,3,34869524.5292121
Northern,03_19/20,3,40514112.69906897
Northern,03_21/22,3,16232364.808016032
Northern,03_22/23,3,23947748.569336213
Northern,03_23/24,3,30126735.069444448
Northern,04_11/12,4,31028822.883383166
Northern,04_12/13,4,31543164.654465593
Northern,04_13/14,4,32363652.16797153
Northern,04_14/15,4,34402351.63306266
Northern,04_15/16,4,33599160.35282348
Northern,04_16/17,4,36481119.98251088
Northern,04_17/18,4,36974763.89593161
Northern,04_18/19,4,36405921.20387088
Northern,04_19/20,4,44722503.63071174
Northern,04_21/22,4,16566364.083901137
Northern,04_22/23,4,27154141.68322223
Northern,04_23/24,4,31429332.262025744
Northern,05_11/12,5,28680695.746262282
Northern,05_12/13,5,33528854.070278183
Northern,05_13/14,5,30212496.716330566
Northern,05_14/15,5,32625232.104259226
Northern,05_15/16,5,31376905.916851934
Northern,05_16/17,5,33806060.77206095
Northern,05_17/18,5,34261019.75678066
Northern,05_18/19,5,33533527.42081317
Northern,05_19/20,5,44021105.14210462
Northern,05_21/22,5,17234362.635671344
Northern,05_22/23,5,24682546.991268426
Northern,05_23/24,5,28924337.66090786
Northern,06_11/12,6,28613606.3994874
Northern,06_12/13,6,30599148.374816988
Northern,06_13/14,6,29217185.984974295
Northern,06_14/15,6,31250479.261222612
Northern,06_15/16,6,32371945.216540683
Northern,06_16/17,6,33036981.249056604
Northern,06_17/18,6,32700616.87676887
Northern,06_18/19,6,32564929.517223947
Northern,06_19/20,6,45323702.335232146
Northern,06_21/22,6,19438757.856513027
Northern,06_22/23,6,26586342.902638253
Northern,06_23/24,6,27955739.748475607
Northern,07_11/12,7,31230090.923707817
Northern,07_12/13,7,31966344.366032213
Northern,07_13/14,7,32556292.954685643
Northern,07_14/15,7,34905309.99027118
Northern,07_15/16,7,37048629.92507781
Northern,07_16/17,7,36915817.104209
Northern,07_17/18,7,36839076.68897406
Northern,07_18/19,7,36706520.55326063
Northern,07_19/20,7,50667690.819857895
Northern,07_21/22,7,23279749.529191718
Northern,07_22/23,7,29458736.733827807
Northern,07_23/24,7,31195532.765921406
Northern,08_11/12,8,32135797.105168734
Northern,08_12/13,8,32682494.647144947
Northern,08_13/14,8,33294749.303756427
Northern,08_14/15,8,36414185.06189674
Northern,08_15/16,8,37380309.69164073
Northern,08_16/17,8,37651458.38708273
Northern,08_17/18,8,37517512.7237618
Northern,08_18/19,8,37641718.52913989
Northern,08_19/20,8,49097894.202499084
Northern,08_21/22,8,24615746.63273213
Northern,08_22/23,8,29258337.164209932
Northern,08_23/24,8,31997131.038279135
Northern,09_11/12,9,32571877.85920547
Northern,09_12/13,9,33170778.929721814
Northern,09_13/14,9,34129526.046184264
Northern,09_14/15,9,37285979.547724836
Northern,09_15/16,9,37811493.38817252
Northern,09_16/17,9,39022426.23243832
Northern,09_17/18,9,39043993.8020342
Northern,09_18/19,9,39478714.55318841
Northern,09_19/20,9,49966292.33125077
Northern,09_21/22,9,25317145.11209085
Northern,09_22/23,9,31763331.784433387
Northern,09_23/24,9,34001126.71917345
Northern,10_11/12,10,26600925.99624092
Northern,10_12/13,10,25716305.54904832
Northern,10_13/14,10,26937603.342190593
Northern,10_14/15,10,29171584.718094073
Northern,10_15/16,10,28325452.0644731
Northern,10_16/17,10,29760033.716255445
Northern,10_17/18,10,29749420.125442214
Northern,10_18/19,10,30694533.565465443
Northern,10_19/20,10,36739920.83180203
Northern,10_21/22,10,15163567.125183702
Northern,10_22/23,10,22878950.86470754
Northern,10_23/24,10,27220941.3321477
Northern,11_11/12,11,30123116.701922253
Northern,11_12/13,11,29850445.80819912
Northern,11_13/14,11,31079380.25654409
Northern,11_14/15,11,33597618.261529036
Northern,11_15/16,11,35423399.06891952
Northern,11_16/17,11,34073566.69310595
Northern,11_17/18,11,35787500.835053064
Northern,11_18/19,11,35637722.86654149
Northern,11_19/20,11,40948311.76344481
Northern,11_21/22,11,20106756.408283234
Northern,11_22/23,11,28456738.88573843
Northern,11_23/24,11,29124737.22899729
Northern,12_11/12,12,30693376.149508756
Northern,12_12/13,12,31478060.083455347
Northern,12_13/14,12,30276710.311901942
Northern,12_14/15,12,35441798.904626936
Northern,12_15/16,12,36252598.48532681
Northern,12_16/17,12,36213614.06146589
Northern,12_17/18,12,35719657.2315743
Northern,12_18/19,12,37007119.90265039
Northern,12_19/20,12,42083909.31642779
Northern,12_21/22,12,21843552.642885774
Northern,12_22/23,12,29993135.58614215
Northern,12_23/24,12,31095332.981876694
Northern,13_11/12,13,31095912.23015805
Northern,13_12/13,13,31445507.797950223
Northern,13_13/14,13,34354273.63068406
Northern,13_14/15,13,38996037.9622338
Northern,13_15/16,13,31343737.94019564
Northern,13_16/17,13,35444534.53846154
Northern,13_17/18,13,35719657.2315743
Northern,13_18/19,13,38109317.51707951
Northern,13_19/20,13,27822140.04808281
Northern,13_21/22,13,23513549.02231129
Northern,13_22/23,13,28356539.10092949
Northern,13_23/24,13,31295732.549966123
Piccadilly,01_11/12,1,20675332.806151215
Piccadilly,01_12/13,1,19390501.086708963
Piccadilly,01_13/14,1,20127338.292052194
Piccadilly,01_14/15,1,19630650.024819978
Piccadilly,01_15/16,1,23996431.959685784
Piccadilly,01_16/17,1,23466851.67300435
Piccadilly,01_17/18,1,21091289.592570752
Piccadilly,01_18/19,1,20548419.253267854
Piccadilly,01_19/20,1,21223439.757564623
Piccadilly,01_21/22,1,7425225.813760855
Piccadilly,01_22/23,1,15724007.655243639
Piccadilly,01_23/24,1,18165993.56961382
Piccadilly,02_11/12,2,19904541.890132423
Piccadilly,02_12/13,2,20243071.03302424
Piccadilly,02_13/14,2,21241881.45480427
Piccadilly,02_14/15,2,20382274.01225678
Piccadilly,02_15/16,2,21546092.076478433
Piccadilly,02_16/17,2,21720194.58701016
Piccadilly,02_17/18,2,21393745.944280658
Piccadilly,02_18/19,2,20965343.701884884
Piccadilly,02_19/20,2,22394798.920984935
Piccadilly,02_21/22,2,8437756.606546426
Piccadilly,02_22/23,2,15902689.560416862
Piccadilly,02_23/24,2,17510826.58841463
Piccadilly,03_11/12,3,20153915.421785563
Piccadilly,03_12/13,3,19609108.765251342
Piccadilly,03_13/14,3,20957782.217240017
Piccadilly,03_14/15,3,21708669.284204073
Piccadilly,03_15/16,3,22369913.244108494
Piccadilly,03_16/17,3,21411960.983599417
Piccadilly,03_17/18,3,20486376.889150944
Piccadilly,03_18/19,3,20727101.15981801
Piccadilly,03_19/20,3,24082350.25811589
Piccadilly,03_21/22,3,9648822.848897796
Piccadilly,03_22/23,3,14234991.778800113
Piccadilly,03_23/24,3,17907897.486111112
Piccadilly,04_11/12,4,20970046.979923107
Piccadilly,04_12/13,4,21183084.050756466
Piccadilly,04_13/14,4,22028617.804982208
Piccadilly,04_14/15,4,22681359.15029876
Piccadilly,04_15/16,4,21398226.738698684
Piccadilly,04_16/17,4,22418857.421407837
Piccadilly,04_17/18,4,21978494.890919812
Piccadilly,04_18/19,4,21640364.237741027
Piccadilly,04_19/20,4,26583896.946098246
Piccadilly,04_21/22,4,9847358.298463594
Piccadilly,04_22/23,4,16140932.100647826
Piccadilly,04_23/24,4,18682185.73661924
Piccadilly,05_11/12,5,19383124.505766768
Piccadilly,05_12/13,5,22516590.889864974
Piccadilly,05_13/14,5,20564414.04215105
Piccadilly,05_14/15,5,21509709.99341198
Piccadilly,05_15/16,5,19982944.219949607
Piccadilly,05_16/17,5,20774944.869883887
Piccadilly,05_17/18,5,20365394.34846698
Piccadilly,05_18/19,5,19932959.35292843
Piccadilly,05_19/20,5,26166972.49810119
Piccadilly,05_21/22,5,10244429.19759519
Piccadilly,05_22/23,5,14671769.769223547
Piccadilly,05_23/24,5,17193169.870257452
Piccadilly,06_11/12,6,19337783.863648016
Piccadilly,06_12/13,6,20549121.78298357
Piccadilly,06_13/14,6,19886946.629497826
Piccadilly,06_14/15,6,20603339.89091466
Piccadilly,06_15/16,6,20616652.810434263
Piccadilly,06_16/17,6,20302320.011320755
Piccadilly,06_17/18,6,19437861.536556605
Piccadilly,06_18/19,6,19357206.542933486
Piccadilly,06_19/20,6,26941260.758667156
Piccadilly,06_21/22,6,11554763.16472946
Piccadilly,06_22/23,6,15803421.835320627
Piccadilly,06_23/24,6,16617417.06859756
Piccadilly,07_11/12,7,21106068.906279366
Piccadilly,07_12/13,7,21467274.03286156
Piccadilly,07_13/14,7,22159740.530011863
Piccadilly,07_14/15,7,23012957.968285583
Piccadilly,07_15/16,7,23595083.18571217
Piccadilly,07_16/17,7,22685993.21103048
Piccadilly,07_17/18,7,21897839.86379717
Piccadilly,07_18/19,7,21819046.144291185
Piccadilly,07_19/20,7,30117827.9815019
Piccadilly,07_21/22,7,13837920.83473614
Piccadilly,07_22/23,7,17510826.70697587
Piccadilly,07_23/24,7,18543210.92242547
Piccadilly,08_11/12,8,21718167.57488253
Piccadilly,08_12/13,8,21948210.92565479
Piccadilly,08_13/14,8,22662377.642625544
Piccadilly,08_14/15,8,24007754.422246058
Piccadilly,08_15/16,8,23806319.38254039
Piccadilly,08_16/17,8,23138069.162699565
Piccadilly,08_17/18,8,22301114.99941038
Piccadilly,08_18/19,8,22374945.409113888
Piccadilly,08_19/20,8,29184711.359794196
Piccadilly,08_21/22,8,14632062.632999333
Piccadilly,08_22/23,8,17391705.43686039
Piccadilly,08_23/24,8,19019695.99966125
Piccadilly,09_11/12,9,22012881.74865442
Piccadilly,09_12/13,9,22276122.44346836
Piccadilly,09_13/14,9,23230576.117754053
Piccadilly,09_14/15,9,24582525.70675655
Piccadilly,09_15/16,9,24080926.438417077
Piccadilly,09_16/17,9,23980574.34535559
Piccadilly,09_17/18,9,23208484.054540094
Piccadilly,09_18/19,9,23466890.393587057
Piccadilly,09_19/20,9,29700903.53350484
Piccadilly,09_21/22,9,15048987.077087507
Piccadilly,09_22/23,9,18880721.313303918
Piccadilly,09_23/24,9,20210908.692750677
Piccadilly,10_11/12,10,17977564.60008543
Piccadilly,10_12/13,10,17270006.604847897
Piccadilly,10_13/14,10,18335327.7166469
Piccadilly,10_14/15,10,19232731.443235792
Piccadilly,10_15/16,10,18039571.209129985
Piccadilly,10_16/17,10,18288527.135703918
Piccadilly,10_17/18,10,17683614.69663915
Piccadilly,10_18/19,10,18245408.013288077
Piccadilly,10_19/20,10,21838899.65698885
Piccadilly,10_21/22,10,9013509.41028724
Piccadilly,10_22/23,10,13599678.33818421
Piccadilly,10_23/24,10,16180639.081131438
Piccadilly,11_11/12,11,20357948.31131995
Piccadilly,11_12/13,11,20046324.122336097
Piccadilly,11_13/14,11,21154466.3047845
Piccadilly,11_14/15,11,22150801.04151984
Piccadilly,11_15/16,11,22560025.821253892
Piccadilly,11_16/17,11,20939336.125036284
Piccadilly,11_17/18,11,21272763.4035967
Piccadilly,11_18/19,11,21183732.698779523
Piccadilly,11_19/20,11,24340446.34497121
Piccadilly,11_21/22,11,11951834.063861055
Piccadilly,11_22/23,11,16915220.35639846
Piccadilly,11_23/24,11,17312291.139566395
Piccadilly,12_11/12,12,20743343.769329347
Piccadilly,12_12/13,12,21139362.515047994
Piccadilly,12_13/14,12,20608121.617160935
Piccadilly,12_14/15,12,23366663.374138195
Piccadilly,12_15/16,12,23088116.31332444
Piccadilly,12_16/17,12,22254466.166255444
Piccadilly,12_17/18,12,21232435.89003538
Piccadilly,12_18/19,12,21997728.05084134
Piccadilly,12_19/20,12,25015466.879823595
Piccadilly,12_21/22,12,12984218.401603209
Piccadilly,12_22/23,12,17828483.427283823
Piccadilly,12_23/24,12,18483650.287771005
Piccadilly,13_11/12,13,21015387.622041862
Piccadilly,13_12/13,13,21117501.747193754
Piccadilly,13_13/14,13,23383552.630288653
Piccadilly,13_14/15,13,25709961.687911753
Piccadilly,13_15/16,13,19961820.600266784
Piccadilly,13_16/17,13,21781841.307692308
Piccadilly,13_17/18,13,21232435.89003538
Piccadilly,13_18/19,13,22652895.04152524
Piccadilly,13_19/20,13,16538003.103883374
Piccadilly,13_21/22,13,13976895.6494322
Piccadilly,13_22/23,13,16855659.72134072
Piccadilly,13_23/24,13,18602771.557079945
Victoria,01_11/12,1,8617417.096967109
Victoria,01_12/13,1,8642596.691719538
Victoria,01_13/14,1,9474375.216844603
Victoria,01_14/15,1,9601811.623104028
Victoria,01_15/16,1,12084438.329331554
Victoria,01_16/17,1,13296356.967343975
Victoria,01_17/18,1,11111521.622199291
Victoria,01_18/19,1,10825521.320863724
Victoria,01_19/20,1,11181142.247886807
Victoria,01_21/22,1,3911830.8398129595
Victoria,01_22/23,1,8283877.11651488
Victoria,01_23/24,1,9570388.412093494
Victoria,02_11/12,2,8296153.74028193
Victoria,02_12/13,2,9022598.124613632
Victoria,02_13/14,2,9999014.88683274
Victoria,02_14/15,2,9969448.554619275
Victoria,02_15/16,2,10850463.992885727
Victoria,02_16/17,2,12306698.173802612
Victoria,02_17/18,2,11270864.666494694
Victoria,02_18/19,2,11045169.579547916
Victoria,02_19/20,2,11798249.25689085
Victoria,02_21/22,2,4445262.317969272
Victoria,02_22/23,2,8378012.083748005
Victoria,02_23/24,2,9225226.862804879
Victoria,03_11/12,3,8400091.885091841
Victoria,03_12/13,3,8740032.956564179
Victoria,03_13/14,3,9865283.20624753
Victoria,03_14/15,3,10618219.61023441
Victoria,03_15/16,3,11265334.674966652
Victoria,03_16/17,3,12132052.504354136
Victoria,03_17/18,3,10792835.53360849
Victoria,03_18/19,3,10919656.288871234
Victoria,03_19/20,3,12687301.727489894
Victoria,03_21/22,3,5083288.203607215
Victoria,03_22/23,3,7499419.056238851
Victoria,03_23/24,3,9434415.680555556
Victoria,04_11/12,4,8740253.08628791
Victoria,04_12/13,4,9441574.063445583
Victoria,04_13/14,4,10369348.771530248
Victoria,04_14/15,4,11093985.051018843
Victoria,04_15/16,4,10776000.024307098
Victoria,04_16/17,4,12702561.691219158
Victoria,04_17/18,4,11578927.885465803
Victoria,04_18/19,4,11400790.569798512
Victoria,04_19/20,4,14005191.272142595
Victoria,04_21/22,4,5187882.611088845
Victoria,04_22/23,4,8503525.373392168
Victoria,04_23/24,4,9842333.875169378
Victoria,05_11/12,5,8078828.528406664
Victoria,05_12/13,5,10035935.278997885
Victoria,05_13/14,5,9680116.263898775
Victoria,05_14/15,5,10520903.95189214
Victoria,05_15/16,5,10063273.467911664
Victoria,05_16/17,5,11771118.120827286
Victoria,05_17/18,5,10729098.31589033
Victoria,05_18/19,5,10501278.653282298
Victoria,05_19/20,5,13785543.014700478
Victoria,05_21/22,5,5397071.426052105
Victoria,05_22/23,5,7729526.753919819
Victoria,05_23/24,5,9057875.808604337
Victoria,06_11/12,6,8059930.683895771
Victoria,06_12/13,6,9159008.895396128
Victoria,06_13/14,6,9361217.640964808
Victoria,06_14/15,6,10077577.063888462
Victoria,06_15/16,6,10382404.761820067
Victoria,06_16/17,6,11503328.094339624
Victoria,06_17/18,6,10240446.313384432
Victoria,06_18/19,6,10197954.86748032
Victoria,06_19/20,6,14193461.20709298
Victoria,06_21/22,6,6087394.515430862
Victoria,06_22/23,6,8325714.8797296025
Victoria,06_23/24,6,8754552.022865854
Victoria,07_11/12,7,8796946.61982059
Victoria,07_12/13,7,9568241.207743615
Victoria,07_13/14,7,10431071.085646499
Victoria,07_14/15,7,11256177.814922629
Victoria,07_15/16,7,11882321.843189565
Victoria,07_16/17,7,12853921.271407839
Victoria,07_17/18,7,11536436.40698703
Victoria,07_18/19,7,11494925.537806023
Victoria,07_19/20,7,15866971.739985298
Victoria,07_21/22,7,7290230.201469606
Victoria,07_22/23,7,9225226.788846118
Victoria,07_23/24,7,9769117.788956638
Victoria,08_11/12,8,9052067.520717643
Victoria,08_12/13,8,9782600.990401821
Victoria,08_13/14,8,10667673.289758798
Victoria,08_14/15,8,11742756.106633982
Victoria,08_15/16,8,11988698.941159036
Victoria,08_16/17,8,13110068.253265603
Victoria,08_17/18,8,11748893.799380897
Victoria,08_18/19,8,11787789.882718278
Victoria,08_19/20,8,15375378.02094818
Victoria,08_21/22,8,7708607.831396125
Victoria,08_22/23,8,9162470.144024035
Victoria,08_23/24,8,10020144.370257452
Victoria,09_11/12,9,9174903.510038445
Victoria,09_12/13,9,9928755.387668781
Victoria,09_13/14,9,10935136.650929222
Victoria,09_14/15,9,12023890.230733875
Victoria,09_15/16,9,12126989.168519342
Victoria,09_16/17,9,13587433.083091438
Victoria,09_17/18,9,12226922.9322671
Victoria,09_18/19,9,12363059.131653065
Victoria,09_19/20,9,15647323.482543185
Victoria,09_21/22,9,7928256.087107548
Victoria,09_22/23,9,9946928.204300066
Victoria,09_23/24,9,10647710.823509486
Victoria,10_11/12,10,7492995.348568987
Victoria,10_12/13,10,7697464.922726534
Victoria,10_13/14,10,8630836.9239225
Victoria,10_14/15,10,9407180.306419488
Victoria,10_15/16,10,9084604.16659256
Victoria,10_16/17,10,10362309.720609581
Victoria,10_17/18,10,9316256.656471107
Victoria,10_18/19,10,9612226.177655809
Victoria,10_19/20,10,11505384.913634693
Victoria,10_21/22,10,4748586.099665999
Victoria,10_22/23,10,7164716.950521078
Victoria,10_23/24,10,8524444.323340109
Victoria,11_11/12,11,8485132.185390858
Victoria,11_12/13,11,8934905.486253457
Victoria,11_13/14,11,9957866.677421907
Victoria,11_14/15,11,10834476.62877279
Victoria,11_15/16,11,11361074.063139172
Victoria,11_16/17,11,11864262.477866473
Victoria,11_17/18,11,11207127.448776532
Victoria,11_18/19,11,11160223.429334875
Victoria,11_19/20,11,12823274.458287394
Victoria,11_21/22,11,6296583.330394121
Victoria,11_22/23,11,8911443.564735705
Victoria,11_23/24,11,9120632.453929538
Victoria,12_11/12,12,8645763.863733446
Victoria,12_12/13,12,9422086.810476657
Victoria,12_13/14,12,9700690.368604193
Victoria,12_14/15,12,11429183.429753331
Victoria,12_15/16,12,11627016.808062842
Victoria,12_16/17,12,12609417.334179971
Victoria,12_17/18,12,11185881.709537147
Victoria,12_18/19,12,11589060.505813535
Victoria,12_19/20,12,13178895.446527014
Victoria,12_21/22,12,6840474.249298599
Victoria,12_22/23,12,9392577.841705006
Victoria,12_23/24,12,9737739.466294039
Victoria,13_11/12,13,8759150.930798804
Victoria,13_12/13,13,9412343.183992192
Victoria,13_13/14,13,11007146.01739818
Victoria,13_14/15,13,12575345.628006741
Victoria,13_15/16,13,10052635.758114718
Victoria,13_16/17,13,12341627.307692308
Victoria,13_17/18,13,11185881.709537147
Victoria,13_18/19,13,11934222.055174405
Victoria,13_19/20,13,8712714.211870635
Victoria,13_21/22,13,7363446.2867067475
Victoria,13_22/23,13,8880065.242324665
Victoria,13_23/24,13,9800496.111619242
Waterloo & City,01_11/12,1,6554469.668688594
Waterloo & City,01_12/13,1,6360552.326500732
Waterloo & City,01_13/14,1,6511322.945907474
Waterloo & City,01_14/15,1,6223744.388539911
Waterloo & City,01_15/16,1,8009277.668889876
Waterloo & City,01_16/17,1,8317394.510304789
Waterloo & City,01_17/18,1,7036342.164357311
Waterloo & City,01_18/19,1,6855233.216581209
Waterloo & City,01_19/20,1,7080429.240965331
Waterloo & City,01_21/22,1,2477156.746559786
Waterloo & City,01_22/23,1,5245743.626701718
Waterloo & City,01_23/24,1,6060423.53785569
Waterloo & City,02_11/12,2,6310114.439812047
Waterloo & City,02_12/13,2,6640215.844802342
Waterloo & City,02_13/14,2,6871884.802846975
Waterloo & City,02_14/15,2,6462040.907920944
Waterloo & City,02_15/16,2,7191428.892841263
Waterloo & City,02_16/17,2,7698323.990711176
Waterloo & City,02_17/18,2,7137245.732679835
Waterloo & City,02_18/19,2,6994324.905033581
Waterloo & City,02_19/20,2,7471210.649026094
Waterloo & City,02_21/22,2,2814950.848363393
Waterloo & City,02_22/23,2,5305354.34973242
Waterloo & City,02_23/24,2,5841850.885670732
Waterloo & City,03_11/12,3,6389170.543272106
Waterloo & City,03_12/13,3,6432260.920937043
Waterloo & City,03_13/14,3,6779976.878529063
Waterloo & City,03_14/15,3,6882564.177416883
Waterloo & City,03_15/16,3,7466395.291685194
Waterloo & City,03_16/17,3,7589076.251959361
Waterloo & City,03_17/18,3,6834535.027712264
Waterloo & City,03_18/19,3,6914843.940203654
Waterloo & City,03_19/20,3,8034200.813181429
Waterloo & City,03_21/22,3,3218979.0877755512
Waterloo & City,03_22/23,3,4748987.601445873
Waterloo & City,03_23/24,3,5974319.159722223
Waterloo & City,04_11/12,4,6647899.609141392
Waterloo & City,04_12/13,4,6948562.800878477
Waterloo & City,04_13/14,4,7126399.05480427
Waterloo & City,04_14/15,4,7190947.908380573
Waterloo & City,04_15/16,4,7142075.949459019
Waterloo & City,04_16/17,4,7945952.198548621
Waterloo & City,04_17/18,4,7332325.964770048
Waterloo & City,04_18/19,4,7219520.972051708
Waterloo & City,04_19/20,4,8868750.938870512
Waterloo & City,04_21/22,4,3285213.2253841017
Waterloo & City,04_22/23,4,5384835.3137733545
Waterloo & City,04_23/24,4,6232632.294122629
Waterloo & City,05_11/12,5,6144815.314395557
Waterloo & City,05_12/13,5,7385985.22693997
Waterloo & City,05_13/14,5,6652719.752550416
Waterloo & City,05_14/15,5,6819485.6869924925
Waterloo & City,05_15/16,5,6669697.777086112
Waterloo & City,05_16/17,5,7363297.591872278
Waterloo & City,05_17/18,5,6794173.600383256
Waterloo & City,05_18/19,5,6649907.390770564
Waterloo & City,05_19/20,5,8729659.251255667
Waterloo & City,05_21/22,5,3417681.5006012027
Waterloo & City,05_22/23,5,4894702.702187588
Waterloo & City,05_23/24,5,5735876.26642954
Waterloo & City,06_11/12,6,6130441.477402819
Waterloo & City,06_12/13,6,6740607.877013178
Waterloo & City,06_13/14,6,6433554.702253855
Waterloo & City,06_14/15,6,6532128.1195036
Waterloo & City,06_15/16,6,6881210.391581443
Waterloo & City,06_16/17,6,7195784.39245283
Waterloo & City,06_17/18,6,6484735.99086085
Waterloo & City,06_18/19,6,6457828.392431573
Waterloo & City,06_19/20,6,8987972.385397526
Waterloo & City,06_21/22,6,3854826.8088176353
Waterloo & City,06_22/23,6,5272237.28138203
Waterloo & City,06_23/24,6,5543797.269054878
Waterloo & City,07_11/12,7,6691021.120119606
Waterloo & City,07_12/13,7,7041783.9736456815
Waterloo & City,07_13/14,7,7168818.096797152
Waterloo & City,07_14/15,7,7296078.725754558
Waterloo & City,07_15/16,7,7875319.679709501
Waterloo & City,07_16/17,7,8040633.572133526
Waterloo & City,07_17/18,7,7305418.346550708
Waterloo & City,07_18/19,7,7279131.695674153
Waterloo & City,07_19/20,7,10047718.576748744
Waterloo & City,07_21/22,7,4616519.391315966
Waterloo & City,07_22/23,7,5841850.857008731
Waterloo & City,07_23/24,7,6186268.398204607
Waterloo & City,08_11/12,8,6885067.919521572
Waterloo & City,08_12/13,8,7199542.881405563
Waterloo & City,08_13/14,8,7331424.424436537
Waterloo & City,08_14/15,8,7611471.177876513
Waterloo & City,08_15/16,8,7945823.884541278
Waterloo & City,08_16/17,8,8200863.588969521
Waterloo & City,08_17/18,8,7439956.437647406
Waterloo & City,08_18/19,8,7464587.280277316
Waterloo & City,08_19/20,8,9736418.133039324
Waterloo & City,08_21/22,8,4881455.941750167
Waterloo & City,08_22/23,8,5802110.374988264
Waterloo & City,08_23/24,8,6345230.327066396
Waterloo & City,09_11/12,9,6978497.85997437
Waterloo & City,09_12/13,9,7307105.773060029
Waterloo & City,09_13/14,9,7515240.273072361
Waterloo & City,09_14/15,9,7793697.92799142
Waterloo & City,09_15/16,9,8037479.350822588
Waterloo & City,09_16/17,9,8499474.074891146
Waterloo & City,09_17/18,9,7742667.142614976
Waterloo & City,09_18/19,9,7828875.035747815
Waterloo & City,09_19/20,9,9908626.889133899
Waterloo & City,09_21/22,9,5020547.630728123
Waterloo & City,09_22/23,9,6298866.400244109
Waterloo & City,09_23/24,9,6742635.149220867
Waterloo & City,10_11/12,10,5699226.367620674
Waterloo & City,10_12/13,10,5664978.960468521
Waterloo & City,10_13/14,10,5931596.0386714125
Waterloo & City,10_14/15,10,6097587.4076911295
Waterloo & City,10_15/16,10,6021059.092633763
Waterloo & City,10_16/17,10,6482032.499274312
Waterloo & City,10_17/18,10,5899495.294590212
Waterloo & City,10_18/19,10,6086917.223225247
Waterloo & City,10_19/20,10,7285755.06553963
Waterloo & City,10_21/22,10,3007029.8474281896
Waterloo & City,10_22/23,10,4537038.36400338
Waterloo & City,10_23/24,10,5398082.167598239
Waterloo & City,11_11/12,11,6453852.809739428
Waterloo & City,11_12/13,11,6575678.109809663
Waterloo & City,11_13/14,11,6843605.441518387
Waterloo & City,11_14/15,11,7022738.600582197
Waterloo & City,11_15/16,11,7529849.076033792
Waterloo & City,11_16/17,11,7421563.052539913
Waterloo & City,11_17/18,11,7096884.305350825
Waterloo & City,11_18/19,11,7067182.456127682
Waterloo & City,11_19/20,11,8120305.191228715
Waterloo & City,11_21/22,11,3987295.084034736
Waterloo & City,11_22/23,11,5643148.446906393
Waterloo & City,11_23/24,11,5775616.748644986
Waterloo & City,12_11/12,12,6576030.424177702
Waterloo & City,12_12/13,12,6934221.081991216
Waterloo & City,12_13/14,12,6666859.43321471
Waterloo & City,12_14/15,12,7408218.264286809
Waterloo & City,12_15/16,12,7706109.588113236
Waterloo & City,12_16/17,12,7887686.737880987
Waterloo & City,12_17/18,12,7083430.496241156
Waterloo & City,12_18/19,12,7338742.419296599
Waterloo & City,12_19/20,12,8345501.256890849
Waterloo & City,12_21/22,12,4331712.599599199
Waterloo & City,12_22/23,12,5947825.475729979
Waterloo & City,12_23/24,12,6166398.157096883
Waterloo & City,13_11/12,13,6662273.4461341305
Waterloo & City,13_12/13,13,6927050.222547584
Waterloo & City,13_13/14,13,7564729.15539739
Waterloo & City,13_14/15,13,8151142.707062969
Waterloo & City,13_15/16,13,6662647.356602934
Waterloo & City,13_16/17,13,7720173.538461539
Waterloo & City,13_17/18,13,7083430.496241156
Waterloo & City,13_18/19,13,7557315.072578898
Waterloo & City,13_19/20,13,5517303.6087222835
Waterloo & City,13_21/22,13,4662883.287641951
Waterloo & City,13_22/23,13,5623278.20589616
Waterloo & City,13_23/24,13,6206138.639312331
