sqft,bedrooms,bathrooms,suburban,home_office,broadband,price
2268,1,1,0,0,1,592817.1032081795
2783,1,1,0,1,0,645115.4653551957
1904,3,3,1,1,0,743459.3213015428
653,4,3,0,0,1,438418.4890418029
2520,5,2,0,0,0,842984.8249933321
570,3,1,1,1,0,342974.48619689606
1468,5,3,1,0,0,703296.7537317311
3437,2,2,1,1,1,932429.1578136353
2125,2,3,0,1,1,642787.1428310974
2555,5,3,1,0,0,887416.0362050438
3876,1,3,0,0,1,931980.3191520207
1286,4,3,0,0,0,611683.6757245831
3462,3,3,1,0,0,1010445.6753485971
3131,5,1,1,0,0,1027727.406342626
1829,3,3,0,0,1,559162.6165123327
1422,1,3,0,0,1,428653.2725773172
1458,4,1,1,0,0,617869.8909265851
1969,5,3,0,0,0,739940.1361354227
2737,2,3,0,1,0,829717.1385252231
2078,3,1,1,1,1,722187.8477424212
1015,1,2,0,1,0,407243.49908356235
3843,2,2,1,0,1,1037044.2348626766
1861,5,3,1,0,1,807339.838212909
3621,1,1,0,0,0,725453.3926176799
1162,3,1,1,0,1,526698.9309656055
1475,1,1,1,0,0,375942.6638186659
3218,3,3,0,0,0,939736.55908455
1474,5,1,0,0,1,655442.4210988926
3632,1,2,1,1,0,947192.4101641903
1976,5,3,0,0,1,781001.0772954515
2099,5,3,0,1,0,779290.1438672671
514,3,2,0,0,1,459877.27870889375
1978,5,3,1,0,1,806166.649185813
1581,5,1,1,0,0,651048.1644233941
2417,5,1,0,0,0,811675.8452128944
3831,4,1,1,1,1,1171585.1548059813
549,3,1,0,0,0,409553.88774585444
3433,4,2,1,1,0,989598.1301247427
1898,2,2,1,0,1,598505.4131458042
2372,3,1,1,0,0,833577.1544471072
2145,1,3,1,0,0,653947.729278107
2199,4,2,1,0,0,745562.2272035619
3386,5,3,0,0,0,1038232.2909627127
3807,2,2,0,0,1,1020337.0766879839
3964,1,3,0,0,1,1005598.3945118542
2576,4,3,1,0,1,869230.8521866803
2950,3,3,1,0,1,868796.3829861977
3800,1,2,0,1,1,940967.2192510254
3764,5,3,1,0,0,1202811.984148042
3992,2,2,1,0,0,1061746.2893275237
663,2,3,0,0,0,385767.98921865673
618,1,2,0,1,1,272511.6267035844
2532,2,3,1,0,0,826786.7288708917
914,5,1,0,0,0,502600.2219788247
3523,2,3,1,0,1,971865.248954875
3164,5,2,1,0,0,1057127.0276919082
942,5,3,1,0,0,607655.4616625487
941,3,2,1,0,0,572541.2038275423
869,4,1,0,1,1,528154.3596934492
1696,3,3,1,1,1,699474.3107462137
3457,2,3,0,0,1,927645.1535971814
1550,5,1,1,1,0,734005.1690579893
2964,1,2,0,0,0,774354.6119949863
2428,1,1,1,0,1,629908.6681209204
2610,3,2,1,0,0,824930.5459184338
677,3,1,0,0,0,260453.61527103407
2867,1,3,0,0,0,815305.0232860149
2078,5,2,1,0,0,876605.4426732959
988,5,2,1,0,1,700231.0032192678
2443,5,1,1,1,1,965240.6461384115
2633,5,3,1,0,0,904619.4502468711
917,2,1,0,1,1,465895.1159878159
2251,5,3,0,0,0,841920.1763744442
1694,4,3,1,0,1,708201.366207167
3133,3,2,1,0,0,902019.8420092423
2265,4,2,0,1,1,811679.3048094916
617,3,3,1,1,0,458731.8883084769
1563,3,2,0,0,0,521735.4530349415
2471,4,1,0,1,0,770557.7297357809
1962,3,1,1,1,1,654918.6095794605
1434,5,1,0,0,1,616666.878282947
1950,2,2,1,0,0,620378.5202006244
1647,1,3,1,1,1,647828.0946311936
826,4,3,0,0,1,510523.3711667347
2938,5,1,0,0,0,859516.196709376
2557,3,3,0,0,1,774595.5970885645
2356,4,3,1,0,1,824880.2812707709
759,1,1,1,0,0,294917.3904429759
2844,4,2,1,0,0,977980.9060437888
2531,4,3,0,0,0,796149.3145856174
3321,3,3,1,1,1,1060625.630007062
790,1,3,1,0,1,414555.09681807057
1634,5,2,0,0,1,679034.3993617401
2386,2,1,0,0,1,587687.0526242879
961,2,2,1,0,1,457738.0564983319
3477,1,1,0,0,0,858225.2038801131
1359,2,3,1,0,1,496530.1457512086
1510,5,3,0,0,1,681070.6490018093
1861,1,1,0,1,0,501253.17919821054
789,2,1,1,1,0,471564.5883703306
1111,5,2,1,1,0,617758.7729081009
1621,2,2,0,0,1,512739.8215502053
1223,1,1,0,0,0,433239.7845696464
1985,1,3,1,0,1,572727.2453837309
2741,5,3,1,0,0,843203.3858739987
2642,3,2,1,0,1,834182.9558870122
3543,3,1,1,0,0,950271.4261451175
1030,2,3,0,0,0,504781.02978415776
2741,1,3,1,0,1,818735.6503856988
513,4,3,0,1,0,552486.8765631684
514,5,3,0,0,1,464363.813523742
3450,3,3,1,1,0,1049360.815714452
1814,4,1,0,0,0,628922.3801697268
2092,3,2,0,1,0,777301.1063449113
3550,1,1,0,1,0,883394.4826607358
2507,5,2,1,0,0,901902.6904609018
2919,4,1,1,0,0,923301.5257933217
3304,4,1,1,0,0,1020082.0800573766
2801,3,1,0,0,0,893896.07568396
3171,3,3,1,0,0,977001.6808780149
945,2,1,1,1,0,410373.08023870003
3516,5,3,1,0,0,1128870.0995867224
1948,4,3,0,0,0,738708.5708748361
1626,1,1,0,1,1,457881.68959870754
1077,3,3,0,0,1,551576.0784912542
1178,2,1,1,0,0,384452.17928827397
1038,3,3,1,0,1,444713.6301982544
544,5,3,1,0,0,506900.4503375693
1474,3,3,0,0,0,468992.3150862455
1886,2,1,1,1,0,697543.2209246398
3809,3,2,1,0,0,1083525.6055179571
2622,2,2,1,0,1,803128.1134615759
3160,3,3,1,0,0,919483.0677297103
2482,1,1,0,0,0,628503.8889566123
3302,2,1,0,0,0,777014.6067555267
3575,1,2,0,1,0,906833.3506994369
3644,2,3,0,0,1,939183.2290647282
3397,1,2,0,1,0,844224.8036029853
2930,4,2,0,0,1,971459.9544880908
2237,5,2,0,0,1,853404.8543691627
1098,2,1,1,1,0,427729.2878040905
929,4,2,0,0,1,620555.9114249602
3785,1,3,0,1,0,890260.4303324106
2252,5,2,0,0,1,907190.7322474124
3335,1,1,0,1,0,814826.6981071185
3718,2,1,1,1,1,912074.6211836127
766,3,2,0,0,1,400688.2090295909
3582,5,3,1,1,1,1206517.9183735359
1489,3,2,1,0,0,637329.7338187931
2859,3,3,0,1,1,914666.4225429047
2106,2,2,1,1,0,664588.740195265
2806,2,3,1,0,0,910186.2887959258
2212,1,3,1,0,0,614471.441890913
3401,4,1,1,0,1,968531.3177093554
3803,1,2,1,1,1,1002423.1711946466
2904,3,3,1,0,0,904187.9093414962
1945,2,1,1,1,0,579697.6175533091
2684,5,1,1,0,1,971392.2820363914
1079,5,2,0,0,1,611426.5333335203
1906,3,2,1,0,0,658878.4520657242
3102,1,3,0,0,1,782630.7356209578
1898,1,1,0,0,0,455852.8335179667
3988,4,2,0,1,0,1154594.7050337126
2202,1,1,0,0,0,661179.9169964377
3584,3,3,0,1,1,1040020.0439399562
3586,1,1,0,0,1,944556.9343611308
1315,2,1,1,0,1,517079.96477491857
2745,4,1,1,0,0,811981.9969477325
3824,3,2,0,0,0,1036203.7967518935
3389,4,2,0,0,1,1047973.8669308724
2206,1,1,1,0,1,592808.2407862467
2259,5,1,1,0,1,788505.3256741125
3283,2,3,1,0,1,972383.4748457237
2377,4,1,1,0,0,751718.0550141924
2397,4,3,1,0,0,781874.9931052553
2945,3,1,1,0,1,785084.3261726211
3956,5,2,0,0,1,1254864.223923543
2931,5,2,1,1,0,1080239.3550329793
2262,4,1,1,0,0,759402.5492887526
1268,2,2,1,1,0,525170.0327344609
1514,3,1,0,1,1,560211.9270466457
3744,4,2,1,0,1,977872.7735163092
3435,2,1,1,0,0,736352.8949686958
1286,1,1,1,0,0,400613.75055224483
1752,3,2,0,0,0,620510.4934921089
2803,3,3,1,0,1,844521.1788821515
2733,1,3,1,0,0,677247.5508679457
1768,4,1,1,0,1,668123.8391818121
2965,4,2,0,0,1,861221.9149127782
1485,1,2,0,0,1,470283.01279868337
3638,5,2,1,0,1,1055084.0059835538
3976,4,3,0,0,0,1080680.7371149377
1449,4,2,1,1,1,674366.3155781077
2878,4,3,0,1,0,961831.291972111
2443,2,3,0,0,0,736475.0577188773
1491,5,3,0,1,0,729652.1692954666
2706,4,1,0,0,1,799427.1356841819
3045,5,3,1,1,0,1041753.0361751303
2278,5,3,1,1,0,849131.7553740887
3134,1,1,0,0,1,777444.4910981902
3823,1,2,1,0,0,1020158.2223491039
1770,3,1,1,0,1,627705.4202831908
1764,1,1,0,0,0,449178.0402552405
3766,1,2,0,0,0,849812.816728179
3275,3,2,1,1,1,1008950.5144335015
3893,5,3,1,0,0,1268482.408030516
3167,2,2,1,0,1,871098.7295291324
1428,5,1,1,1,1,690315.4461697736
2493,1,1,1,1,0,685924.708914093
3057,2,2,0,1,1,816789.931675803
1787,2,3,0,0,1,634057.6305631856
1206,2,1,1,0,0,311509.49652296794
3066,2,1,0,0,0,771951.3909612788
1264,4,1,0,0,1,540372.5453563273
3885,3,2,0,0,1,970364.8365122684
3204,2,1,1,0,0,753370.3742929137
3307,1,2,1,0,1,833506.0138335314
3808,1,3,0,1,1,1055439.0234932327
3717,5,3,1,0,1,1171256.5520023708
2235,1,3,0,0,0,641611.3730225749
1784,4,1,0,0,1,774533.6102393055
1599,3,3,0,0,1,600210.6135295897
3038,1,3,0,1,1,880579.503377287
1488,2,3,1,0,1,578819.6073401072
2957,5,1,1,0,1,1010490.5014330349
2088,3,3,1,0,0,678596.0433689416
1306,4,3,1,1,1,612582.1750443589
2740,5,1,0,0,1,910402.380779198
1026,5,3,1,0,0,577463.6962571283
3716,1,2,1,1,0,984604.0437826099
1497,4,2,1,1,1,675896.5737408659
3116,2,1,1,0,0,875853.1136198166
2465,3,1,1,0,0,726691.0588848302
3578,4,3,1,1,0,1061918.796665647
3112,1,2,0,0,0,695810.0355111456
3155,4,2,0,0,1,962276.2892706393
2376,2,1,1,0,0,570488.8246711006
2006,4,2,1,0,1,787525.3984927688
838,5,3,1,0,0,508573.360408719
3837,4,2,1,1,1,1115963.871808802
2432,4,1,0,1,0,803541.0244916315
2624,1,3,0,0,1,710237.6480479878
3660,1,2,1,0,0,965582.6507759797
2086,5,3,1,0,0,794689.6845769404
646,1,1,0,1,1,359538.7358264656
2875,4,2,1,0,1,896446.8266280959
1106,3,2,1,1,0,558817.9285219923
3137,1,1,0,1,1,846942.9819066286
2877,5,3,0,1,1,988005.9826581758
2499,5,1,1,1,1,874353.5233800951
1962,2,1,1,0,1,570361.6825456119
2191,3,1,1,0,0,773162.7788948425
1154,5,2,0,0,1,669356.485903469
3698,3,3,0,0,1,1027738.0294405302
1434,3,3,1,0,1,632812.9621698515
2277,2,1,1,0,1,651220.8514678001
807,3,2,1,0,0,552126.2062220769
2383,1,3,1,1,0,668602.3099734668
3701,4,3,1,0,1,1061236.2290704106
3778,1,1,0,1,0,878068.5975761277
2517,2,1,1,0,0,749836.4767251788
3864,3,2,0,0,0,1005792.6323226197
723,4,2,0,0,0,531432.9994548941
2781,4,2,1,0,1,934127.8190628638
3269,1,1,0,0,1,832059.623522939
1998,4,2,0,0,0,615044.0063666987
2251,1,3,1,0,0,611827.6573668822
1006,3,2,0,0,0,520363.6510438921
2174,1,1,1,1,0,711418.7778082174
848,4,3,1,0,0,524257.9905226768
3514,4,1,0,0,0,1028784.3674550762
1565,2,2,0,1,1,540876.8560340548
1434,5,1,1,1,0,718245.2676992496
534,1,2,0,0,0,217971.21383187897
632,1,1,1,0,1,263282.750001331
3468,3,2,1,0,1,931718.6387470958
1798,1,2,1,0,0,616417.6088435377
1282,5,3,1,0,0,655317.2563110422
3943,2,2,1,0,1,944523.7261577912
1057,2,2,0,0,1,328379.08141269244
850,1,2,0,0,1,390167.5944844136
2222,1,3,0,0,1,626033.0883496241
571,1,3,0,0,1,265716.41050248605
2737,4,2,1,0,0,875703.2217668095
1028,3,1,1,0,1,477379.2000503452
641,5,2,1,0,0,509360.8087621173
3644,5,1,1,0,0,1100742.4090482823
945,5,2,1,1,1,699447.517309066
2190,3,3,0,0,0,703378.7847124577
3859,5,1,0,1,1,1188332.5415979046
3896,2,2,1,0,1,976545.6238391919
2635,1,1,1,1,1,769704.746033513
3498,2,1,0,1,0,862526.529975512
3765,1,2,1,0,1,865946.9030842173
2834,5,1,0,1,1,939596.2294139937
1238,4,2,1,0,0,556711.2612949418
1560,4,1,0,0,1,586929.3101692408
3301,5,1,1,0,1,989463.9338352225
3855,4,2,0,0,0,1088911.7057136637
1012,2,3,0,0,0,374761.8041466816
3563,1,3,1,0,1,985713.538631294
2673,2,1,0,1,0,767879.321758028
1495,4,2,0,1,1,733243.2254758667
3315,3,1,0,1,1,906136.9963035042
680,1,1,1,0,0,301333.21851622395
1088,5,2,1,1,1,704061.6307929143
2991,3,1,1,1,0,875583.6338529814
819,5,1,0,1,1,601333.7350369439
3271,4,1,0,0,1,1017733.2864596985
2762,3,3,1,0,0,953614.8136504218
2585,5,1,1,0,0,791274.5333510247
2176,2,1,1,1,1,677907.8256022173
1756,4,1,0,0,1,604756.1615689645
2383,3,3,1,0,1,873316.7763069611
3979,1,1,1,1,1,967222.4692964461
2928,3,3,1,0,0,941430.853248799
3225,1,2,0,0,0,847656.8020924855
3464,4,2,1,1,1,1123367.740739523
3273,5,3,1,0,0,1100060.3563074307
2729,3,1,1,1,1,827800.7383793677
3531,4,3,0,0,0,1079895.3564007492
3408,4,1,1,0,0,983556.0360767609
1710,4,3,0,1,1,693896.4962383722
3908,1,1,1,1,1,1068724.8086445522
1141,4,3,0,1,0,670026.1535292201
3961,1,2,1,0,0,977112.505661162
536,3,2,1,0,1,405247.84169776225
1874,4,3,1,0,1,793724.6286243838
3057,2,1,1,0,1,721171.7855153733
1346,1,2,1,0,0,460275.2833095755
1265,5,3,1,0,1,661245.8100341415
3519,2,3,1,1,1,1071563.5425444115
3706,5,2,0,0,1,1127527.7245895602
1656,5,1,1,0,1,790911.2329587762
1493,4,2,0,0,0,571224.592387002
3321,4,1,1,0,1,965134.3428692757
2977,4,3,1,1,0,1043473.1830579799
1205,4,1,1,0,0,636016.0719671452
1084,5,2,0,0,1,540243.406082606
1112,1,2,0,0,1,381477.4226868124
811,2,1,1,0,0,289570.4628700314
2018,4,2,1,0,0,683561.9474901026
3710,4,2,1,1,1,1162275.544655396
1871,3,1,1,1,1,733276.0810490586
1266,1,2,1,0,1,432350.408859898
785,1,3,1,0,1,311722.30165459233
3218,4,3,1,1,0,1054755.5705747064
3854,4,1,0,0,0,994820.3066257208
1075,2,1,1,0,1,446172.2344215097
1634,5,1,0,0,1,688907.8782666416
1602,3,2,0,1,0,658152.0251529688
905,2,3,0,0,1,492816.3299718834
1247,5,1,0,0,1,669469.1645511306
1364,3,1,1,1,0,504837.00249562704
1940,1,1,0,0,1,498987.64711764187
755,5,2,1,0,0,509580.06843413255
3357,5,3,1,0,0,1057275.7204295392
2463,1,3,1,0,0,609451.0597808772
2932,4,3,1,1,0,984407.9296638119
3278,4,2,1,1,0,1091676.178116816
567,2,1,1,1,1,365856.23979422223
2845,5,2,1,0,0,960788.6083818983
1096,5,3,1,1,1,687526.4885720261
1897,3,3,1,1,1,782355.5806833477
3814,2,1,1,0,0,931396.2040696715
3246,5,3,1,1,1,1093485.003626693
3985,4,1,0,1,0,1115131.789885057
1969,5,1,1,1,1,757832.587487231
2613,2,1,1,1,1,753982.1022227525
524,3,1,0,0,1,347959.31310631114
1889,5,1,1,0,0,732505.4204450706
1926,1,1,0,1,1,639812.2824580043
3607,1,1,1,0,1,914381.9961412275
905,1,1,1,0,0,343162.8507185647
1224,5,3,1,0,1,634101.3133680881
1016,5,2,1,0,1,660351.727384511
1964,3,3,0,1,1,776506.6694524817
996,2,3,1,0,0,493756.96894446947
2389,1,1,0,0,0,502356.25823493616
1547,1,1,0,0,1,436286.77727674186
2302,1,3,1,0,1,638402.6554108132
1655,4,3,1,0,0,742814.9257608361
3758,4,3,0,0,1,1074454.8911972598
2532,1,2,0,1,1,685197.6362341286
1846,4,2,0,1,0,692739.583837308
3769,1,1,0,0,1,1027640.604343382
1788,1,3,0,0,0,573534.0465843515
2556,3,3,1,0,1,799777.4528012137
3238,3,3,1,1,0,950680.9074941123
3452,3,2,0,1,1,1077983.0707411368
3466,1,1,1,0,0,821672.1685329244
3924,4,2,0,0,1,1103070.658207941
1015,4,2,0,0,0,487871.2491406363
2343,4,1,1,0,1,901239.0629439526
3295,4,3,0,0,0,1019826.2361614249
858,2,3,0,0,1,450307.8429144454
3054,3,1,1,0,1,865145.6039842417
671,1,3,1,1,1,333057.1021207423
3274,5,1,1,0,1,1026973.6259474871
3450,4,3,0,0,0,1045842.1359341727
3068,2,3,0,0,1,860641.063846637
2715,5,2,1,0,1,943642.2975806453
1717,1,1,0,1,1,516076.7008887734
2228,5,3,1,0,0,773121.9103540722
2930,3,3,0,0,0,796243.4653540446
3054,1,1,1,0,0,761324.474094157
865,1,2,0,0,0,303748.4511691377
511,4,1,0,1,1,411571.5231827565
3619,3,2,1,0,1,988959.8562224051
3489,2,3,1,0,0,943950.2057404136
1897,4,2,1,0,0,806027.8241653141
3022,4,3,1,1,0,946300.7993285354
1482,3,2,1,0,0,563885.7772246476
2389,5,3,1,0,1,951007.5223962622
2063,3,1,1,0,0,798761.4724096039
2885,3,2,0,0,1,842706.4480449106
2601,5,2,1,1,0,969564.5309804545
2577,5,1,1,0,1,844649.530111444
3152,5,1,0,0,1,938406.9177506733
2060,4,2,1,0,1,771429.3076081948
745,5,2,0,0,0,469759.04169535736
2245,4,1,0,0,1,783256.4698787483
1025,2,3,0,1,0,476828.17245914764
522,4,2,1,0,1,395395.86140264216
1055,5,3,0,0,1,614891.1406107808
2793,5,2,1,0,0,981836.5318568987
3015,3,3,1,0,0,897760.4692859739
3940,1,1,0,1,0,949345.614205093
1437,5,3,1,0,0,671897.1102432885
2023,3,2,0,0,0,682757.3090465772
1375,1,2,0,1,0,483017.7032436471
943,4,3,1,0,1,599954.780955875
764,2,3,0,0,1,316911.941913749
2729,1,3,0,0,0,657312.4492962519
2780,3,2,1,1,1,869663.5915673722
2050,1,3,1,0,1,648717.1515198661
1404,2,2,1,0,1,532690.304204886
1078,5,2,1,1,1,567852.5057022684
3504,2,1,0,0,1,915176.0747214602
2144,5,3,0,0,0,806498.9195684794
2954,4,1,1,0,0,939334.1332159991
1009,2,2,0,0,1,397492.8607405474
3550,3,3,1,0,0,1037839.5222295361
3367,5,3,1,0,1,1083043.494038282
610,2,1,1,0,1,266093.8316763933
2192,5,3,1,0,1,882078.3759132791
1752,1,1,1,0,1,493645.601137369
3134,3,3,1,1,0,918678.5279604559
3629,1,1,1,0,0,983287.4046251628
917,3,2,1,0,0,513829.87316534657
530,2,2,1,0,1,362725.74155383254
794,1,1,1,0,0,350146.9036100528
1273,3,3,1,0,0,577982.7740615739
3473,2,2,0,1,1,980449.5627084034
1732,4,2,1,0,0,639764.4187626078
2022,5,1,0,0,0,796703.2655589426
1540,5,2,1,0,1,634566.0839169754
3214,2,2,0,0,1,806359.609919844
3737,4,2,1,0,0,1113498.3084762807
845,1,1,0,0,1,303829.5088854769
1569,3,1,1,0,1,597076.1503133154
1328,1,3,1,0,1,487783.04216531606
1651,3,2,1,1,0,641806.4705567347
3686,1,3,0,0,0,977651.1353020737
1774,1,1,0,0,1,431558.06093327457
906,4,1,1,1,1,546427.2688348595
1918,4,1,0,0,0,648186.3393539775
2381,1,3,1,0,1,763845.632623576
1420,4,2,0,0,0,599471.9840565476
1471,3,3,1,1,0,674068.4170880015
1683,1,3,1,1,1,579793.1733546623
1553,3,1,1,0,0,597415.9075044025
1713,1,3,0,0,1,558464.5753934333
674,4,3,1,0,0,401198.66678012954
3629,5,2,1,0,1,1152965.8311315915
2880,4,2,1,1,0,920536.3174199265
3958,1,3,1,1,0,987030.4370798146
668,2,3,1,1,1,521436.72463476623
534,2,3,1,0,1,453878.35066850344
1675,2,2,0,0,1,573473.2503792061
2168,1,1,0,1,1,662343.553768202
2372,4,2,1,0,0,790028.7444924713
2477,5,3,0,0,1,958077.5136797047
3903,3,1,1,0,0,1040373.6399201459
3824,2,2,0,0,1,901424.0179159085
3482,2,1,1,0,0,813299.7005546867
2318,1,2,1,0,0,634106.4562254621
2203,1,2,0,0,0,527828.5869003856
3412,1,1,0,0,0,755993.4709356445
3348,5,3,0,0,1,1146452.981673704
3633,4,2,1,0,1,1050073.549573671
1718,1,2,0,0,1,541908.278048114
3543,3,2,0,1,1,1021827.4184005676
616,1,3,1,0,1,372819.21009739867
3183,5,3,0,1,0,1068857.7214657587
1224,3,1,1,0,1,378298.03782038135
568,2,3,1,0,0,432237.28437457484
698,3,3,0,0,1,383975.9643829668
766,2,2,0,0,1,352538.00826594094
1626,4,1,1,1,0,607393.3978949399
2677,5,1,1,0,1,989852.9535741361
2362,5,1,1,0,0,673553.5002943565
742,2,1,0,0,1,406982.4545794285
1705,1,1,0,0,0,504365.9885250799
1657,4,3,1,1,0,711316.4901998772
2345,3,2,1,0,0,728202.7387593165
1880,3,1,0,0,1,687611.7286455089
2275,4,2,1,0,0,900279.068375743
1881,4,1,1,0,0,644139.0405108894
1414,4,2,1,1,1,782010.8451066815
1201,1,1,1,1,0,425873.35252347944
3483,2,1,0,0,0,844267.9412406158
2584,2,2,0,0,1,834949.5156082853
1931,1,3,1,0,0,618767.0206701877
1302,5,2,0,0,1,610188.3360245479
1212,1,2,0,0,0,438545.07527312427
2793,3,1,0,1,1,809889.7468645952
2449,4,3,0,0,1,911378.1099142652
1496,1,3,1,0,1,528851.3098862852
2559,4,3,0,1,0,872530.3544376937
1979,5,2,0,1,1,883111.20060145
2601,5,3,1,1,1,1014316.1295945727
2577,2,2,1,0,1,702962.6187352076
3023,1,2,0,0,0,708962.9593400114
3446,3,2,0,0,0,927860.0520991085
1964,3,1,0,0,0,644774.3979776342
3561,4,2,1,0,1,1106701.6502952862
1125,4,1,1,0,1,487001.47690603626
2042,4,1,0,0,1,741623.8692168233
3762,4,3,1,0,0,1068306.5444719053
3419,3,3,0,1,0,1092488.6678301874
2768,4,2,0,0,1,817948.4234846529
3103,5,1,0,1,1,1005281.0965994226
959,1,3,0,0,0,500026.98376266105
3375,5,3,0,1,0,1013838.5068935674
1212,1,2,1,0,1,358165.8673031471
971,5,1,0,0,0,565641.0243904011
1922,5,2,0,0,0,738493.7969955581
3720,3,1,0,0,0,1002628.7403830737
2615,5,1,0,0,0,859018.8217881009
1525,1,2,0,0,0,411764.4202530219
3956,3,3,0,0,1,1069662.3030205911
3782,1,1,0,1,1,933275.4054906388
1338,2,3,0,0,1,520553.1295981704
2903,4,3,1,1,1,1034875.6089329992
2982,5,3,0,0,1,996304.5686620085
2989,4,1,1,0,1,854472.4684977947
3754,4,2,1,1,1,1106377.702498309
2029,4,1,1,1,0,722677.0898307717
1847,2,1,0,0,1,534811.8120296138
1006,4,2,0,0,0,521687.7147766644
2973,5,1,1,0,0,911516.9051878073
2854,5,2,1,0,1,1047762.5888658448
1055,2,1,1,0,0,424823.28518380306
3686,4,2,0,0,0,997763.3550861117
1966,1,1,1,1,1,562831.4158924543
942,4,1,1,1,0,563467.4576997301
1534,4,2,1,0,0,640423.0010079498
1546,3,2,1,0,1,516595.9299943348
1819,4,2,0,1,1,625734.3844274518
1873,5,2,0,0,1,763772.1046337126
1503,4,3,1,1,0,656995.8926582867
3218,3,3,1,0,0,899264.845844066
3229,5,2,1,1,0,1051744.5847839008
2270,4,1,1,0,1,719040.2379528929
2472,4,2,0,1,1,914811.7894569861
2710,3,1,0,1,1,803014.5975480365
3290,1,1,1,0,1,836797.8620868064
817,1,2,0,0,1,368150.40684170753
1790,5,1,0,0,0,667553.8546957329
825,5,2,1,0,1,472191.6142791357
1658,2,3,1,1,0,623449.4687122246
2742,1,1,1,0,0,640562.2315700174
1637,5,2,0,0,0,691780.392200342
2634,2,1,1,0,0,742547.0069124869
1354,3,2,1,1,1,598308.7910718969
896,4,2,1,0,0,562420.8544729195
2969,2,3,0,1,1,882341.7197495132
3772,1,1,0,0,0,913426.9759735762
3598,1,3,1,1,1,905070.750527054
612,4,1,0,1,0,385728.83410947805
1131,5,3,0,0,1,743991.6713746391
2523,4,1,1,0,0,840251.855281911
628,2,1,1,0,0,276902.61564846453
2292,4,1,0,0,1,800196.5508234977
701,5,3,0,0,0,511066.93026795355
3547,1,2,0,0,1,962905.6405584256
649,1,1,1,1,0,255513.59409825134
2841,2,3,1,0,1,796896.6123734176
2212,2,2,0,1,0,728449.963836091
2386,1,2,1,1,0,725783.5760838084
3187,4,2,0,1,1,1077976.8723972596
2029,5,3,1,0,0,860075.9940841958
1695,3,1,0,0,0,545606.8159905063
1728,2,3,1,0,1,619920.6838664742
1913,1,2,0,0,0,608286.4128233343
1485,5,3,1,0,1,725098.1270360032
3624,3,3,1,1,0,1039950.2909143426
2874,1,2,1,1,1,783077.3840553499
3709,2,2,1,1,1,1042150.4880048651
1309,4,3,0,0,0,670828.9247944503
797,1,2,1,1,0,328630.9377433878
3905,4,2,0,0,0,1175060.5137206747
1383,3,3,0,0,0,650459.0513987831
2084,2,1,1,0,1,560247.6302517897
3945,1,1,0,0,1,993093.7729040221
3250,5,2,0,0,0,998559.2753484015
3286,1,3,0,0,1,743308.0786509801
2797,2,1,0,0,1,694747.7070875058
3680,2,2,0,1,1,1005908.6844317367
1229,3,2,1,0,1,476075.1199606224
3312,2,1,1,0,1,930916.6430331137
2671,4,3,1,0,1,920733.6552874052
1962,5,2,1,0,0,768047.8169807801
1149,5,2,0,0,1,529729.87239061
2339,2,3,0,1,0,774775.2248411607
880,1,3,0,1,1,394477.12220566993
2961,5,2,1,1,1,1002762.6969253547
2904,3,3,1,0,1,898201.232772515
2956,5,3,1,0,0,1052567.6615746
525,4,3,1,1,0,503854.5999401045
2462,2,2,0,1,0,734520.9126695853
3754,5,1,0,0,0,1070633.163225627
526,5,2,1,0,1,434949.15444767295
3502,3,3,1,0,1,1060339.882782465
3891,4,2,1,0,0,1030289.5864528914
1674,1,3,0,0,1,508509.2565746937
1709,1,2,1,0,0,581752.3063296091
3937,1,1,1,0,1,973036.2402784112
686,5,1,0,0,0,468610.00393801054
2841,4,1,0,0,1,812599.4143021811
2733,5,1,0,0,0,817840.4204973922
3290,2,2,1,1,1,880765.7517900621
2435,5,1,0,0,0,811968.6065747524
1340,2,1,1,1,0,416490.52047712577
2623,5,3,1,0,0,1032350.637902291
2500,5,3,0,0,1,890036.2375121184
3259,2,3,1,1,1,882598.708239223
1068,1,2,1,0,0,479959.76068802766
855,1,2,1,0,1,273607.3695355223
1077,5,3,0,1,0,687558.5611928661
3685,2,2,1,0,0,1048002.8936725163
3479,2,3,1,0,0,916348.5195920212
3101,3,2,1,1,0,896902.0540618516
968,5,1,1,0,0,512727.41817391483
1345,5,2,0,0,0,621927.2980785988
1082,3,1,0,1,1,479651.9159815373
2519,1,1,0,0,1,659491.5102179194
994,2,1,1,1,0,372732.58844516845
3695,5,3,0,1,0,1101208.7132365818
2001,5,3,0,1,1,785062.9593558592
1997,1,3,1,0,1,684873.260888531
1771,5,3,0,1,1,761181.3409263532
2938,4,3,0,0,1,903584.4506295045
3707,4,1,1,0,0,1093190.7504693833
3074,5,1,1,0,0,952068.2827700943
756,1,1,1,1,0,320067.3517537283
3392,5,3,1,0,0,1104948.3795662285
919,3,2,0,0,1,449234.60228095617
2196,5,1,1,0,1,762969.5062722828
545,3,3,1,0,0,406297.8589762743
2697,3,3,1,1,0,820291.7602802952
2297,1,3,0,1,1,807870.8243535683
2421,3,3,0,0,0,749592.298966095
1301,5,2,0,0,0,591015.7117647522
2097,5,3,0,0,0,690357.5564990526
850,3,2,0,0,1,449554.37743157195
1209,4,2,0,0,1,586951.0135732096
1594,2,3,1,1,1,686904.0324176862
2042,2,1,0,0,1,609245.2327334204
1373,3,2,1,0,0,536579.492281461
1922,2,2,1,0,0,628706.1302146863
1373,2,3,1,0,1,577792.2680485056
1242,5,2,1,0,0,681261.4610341387
513,5,1,0,0,0,397996.7361555354
611,4,1,0,0,1,421490.5008740178
1715,2,3,1,1,0,615802.6119831768
2255,1,2,1,1,1,713114.6784111096
3951,3,3,1,0,1,1084187.7896865432
2568,5,1,1,0,1,875953.8544369619
2607,3,1,1,0,1,836759.6055981395
3728,3,1,0,0,0,986507.3669058597
1380,3,1,1,0,0,603363.500278525
2470,1,2,0,0,0,636548.1271717661
3491,3,2,1,0,0,1014948.747583924
1856,2,3,1,0,1,699539.1175408091
1449,1,1,1,0,1,428529.64394110325
507,2,1,1,0,1,291133.45428116503
2572,5,1,1,0,1,934159.8494623203
806,4,1,0,1,0,533175.7761254531
3340,1,1,0,1,0,758989.5828306399
1378,5,3,1,0,0,670882.2941703327
3196,5,3,0,0,0,1073282.2198317507
2011,2,1,1,1,0,695499.0701709345
2657,2,3,1,0,1,864146.2874551481
1098,2,2,1,0,1,505550.06974535907
2864,5,3,1,0,0,944977.8676111774
3531,1,3,0,0,0,936359.6207815376
3813,3,1,1,0,1,1074826.2280499062
584,4,1,1,1,1,387192.4744659091
2818,4,2,1,0,1,880700.8519840222
2566,3,1,1,0,0,765760.4304130495
2065,1,1,1,0,1,538194.304243863
2930,1,3,1,1,0,855986.5468803146
2068,5,2,1,1,0,912438.5237617772
1586,1,1,1,0,0,505961.01792522566
1425,4,3,0,0,1,675311.2065624312
2476,2,2,0,0,1,734773.1080825637
2970,2,3,1,0,0,943856.5419980602
3185,4,3,0,0,1,991108.5800385615
3386,1,1,1,1,1,912868.1308469805
3244,4,1,0,0,0,986429.0273144069
1302,3,2,0,0,1,506780.6565754262
1126,4,3,1,0,1,581295.681182703
1816,4,2,0,1,1,739117.4661096261
3048,2,1,1,0,1,852965.0728891569
1919,1,2,0,0,0,490053.2942870925
3693,3,1,0,1,0,947249.484533275
1202,2,2,1,0,0,506703.05583896197
827,3,3,1,0,0,508922.2862865512
2983,2,2,0,1,1,896429.4816624515
1709,4,2,0,0,1,623267.8304440414
2848,5,2,1,0,1,981849.1252718898
3576,3,2,1,0,1,956821.6020954276
650,3,2,1,0,1,392884.1965112748
1291,1,1,1,0,0,374985.2137944443
3222,3,1,1,1,0,898572.0618276541
1164,3,1,1,0,1,354917.20405838755
3831,1,2,1,0,1,894124.8854345967
3694,2,2,0,1,1,1003629.3211794106
3457,5,1,1,0,0,1066294.5129667365
2940,5,3,1,1,1,1083214.5836035735
2110,5,3,0,0,0,810094.5923674986
1801,4,1,0,0,0,577193.518300099
908,4,2,1,0,1,538478.1266770023
3796,1,1,1,0,1,958443.8020526587
505,1,2,0,0,0,338293.33725611086
3427,5,3,0,0,1,1101953.2796141715
2739,4,3,1,0,1,900126.6880460226
2477,2,3,1,0,1,736895.0601690041
3126,5,2,0,0,0,945421.4267013819
3354,4,3,0,1,1,1029851.64744517
3032,4,2,1,1,0,959003.6357483418
2571,4,2,1,1,0,905793.0685828191
1537,4,2,0,0,1,670357.9330216001
2516,2,2,0,0,0,633021.6434162928
729,1,3,0,0,1,314598.6960562935
1535,1,1,1,1,0,467595.9905931094
3063,1,1,0,0,1,666212.8716319451
2622,3,3,1,0,1,868430.7837429597
1491,2,1,0,0,0,500658.77385625953
560,1,2,1,1,0,316139.38778249425
1420,1,1,0,1,1,473381.179541539
3085,1,1,1,1,1,804840.9222058664
761,2,1,1,1,0,378519.3804887174
3316,2,3,1,0,1,985226.0322619621
3259,3,1,1,0,0,933510.0697924092
1139,1,1,0,0,1,365860.0826421999
2780,5,1,1,1,1,931712.7673754193
1558,2,3,1,0,1,612476.4005822589
1023,3,2,0,0,1,465190.7753905192
1272,5,1,1,1,0,592038.1520529981
3065,1,2,0,0,0,710760.1773253272
604,1,3,1,0,0,249886.65039857422
885,1,3,1,1,0,376988.6358248119
1692,2,2,1,0,1,560026.4697084721
3237,4,1,1,0,0,908358.0469094387
1998,5,2,0,1,1,794698.1030119453
3659,2,3,0,0,0,1035575.5972590082
3276,5,3,0,0,0,1021116.6099419777
3370,4,2,0,0,0,934572.3335369779
3309,1,2,1,0,1,828657.1235304383
3863,2,3,0,0,0,1031315.1256994285
2509,2,2,1,1,1,768583.712082786
2640,4,3,0,1,0,918059.2998711428
1311,3,2,1,0,1,601162.9226488405
3560,4,1,1,0,1,1037872.7670003704
3113,3,1,1,0,0,846682.9484148098
1012,1,2,1,0,0,349084.1169996732
752,5,2,1,1,0,581154.225802448
2647,5,1,1,0,1,973783.845270646
3174,2,3,1,0,0,878582.544863606
3752,4,2,1,0,1,1125562.270898896
1574,4,2,1,1,1,619341.4073588464
1277,4,2,0,0,1,535591.813588834
3944,5,1,0,1,0,1200932.1593385804
3548,3,3,0,1,1,990742.6992529152
1483,2,3,1,1,0,616889.8924395363
3804,2,1,0,0,1,917683.0069684745
1564,3,1,0,1,1,729310.2264236563
3877,1,3,0,0,1,887568.4124177751
3560,2,1,0,0,1,949989.8605364977
2729,4,2,1,0,0,893718.7671694461
1419,1,2,1,1,1,521659.00329623435
2777,3,2,0,0,1,864500.4096543224
3639,2,2,1,0,1,946305.0652735204
3832,5,3,1,1,1,1307270.2507047683
574,4,1,1,0,0,368284.2101884662
3868,2,1,0,0,1,1061238.108875211
3918,2,2,1,1,1,1007349.9695001635
1797,2,2,0,0,1,555142.4119687888
3446,4,2,1,0,1,1047574.8578550328
3141,1,3,0,0,1,817330.8043746196
1931,2,3,1,0,1,638015.5000335758
3660,5,2,1,0,0,1112939.0429477766
3394,4,3,1,0,0,997621.813179741
1165,5,3,0,0,1,665163.9631580788
3661,4,1,1,0,1,1002572.6900439215
2782,3,2,1,1,0,891279.9699691702
3518,5,1,1,0,0,1098508.4948772131
3826,4,2,1,0,1,1079471.0306682559
1186,4,1,0,1,1,601859.196166001
3450,4,2,1,0,0,972941.1028561039
610,5,3,0,0,1,536581.8146553413
1568,1,2,0,1,0,500621.79659292515
2062,5,3,0,1,0,818613.7149725186
2630,1,1,1,1,0,696886.8748579647
3927,2,2,1,1,1,1061465.002390704
3746,4,2,1,0,0,1128513.1985285121
2156,2,3,1,1,1,641887.1723942144
2756,2,2,1,0,0,786463.0793107798
1954,4,2,0,0,1,736672.0745446094
605,2,3,1,0,1,394408.6458694134
1821,3,3,1,1,0,754644.4458183404
945,4,1,1,0,0,525645.5286283841
2626,5,2,0,0,1,951071.492981877
3794,4,1,0,0,0,1058374.1702522459
3568,3,2,0,0,0,986235.0850427864
1561,3,2,1,0,1,675824.0076169799
3442,2,2,1,0,1,951987.3131957712
562,3,2,1,1,1,456250.3508940384
549,4,2,0,1,1,524040.7894649448
3297,5,3,0,0,0,1131694.2506701841
1866,5,1,1,1,0,835397.2682783969
1535,1,1,0,1,0,468817.3101318926
643,1,1,1,0,0,335130.1253819492
708,4,2,1,1,0,454947.8427883645
1727,1,1,1,0,1,514001.5376570005
3249,1,1,0,0,1,749668.0369441063
935,2,3,0,0,0,519678.4930357023
3592,4,2,1,0,0,1005978.6381312851
961,2,3,1,1,0,485995.1790609143
3581,2,3,1,1,0,1038155.3732248576
2958,4,2,1,1,1,933811.6841518932
2334,5,1,1,0,1,820407.4004733027
1533,4,2,1,1,0,693840.6561396883
3759,4,2,1,0,1,1235478.9376279695
1551,2,2,1,1,1,659366.1430123172
1022,5,2,1,0,1,647377.8962148526
2622,4,1,1,0,0,796831.55555384
3721,1,3,1,0,1,918934.5294958259
2103,5,1,0,0,0,687373.646993554
2714,1,1,1,1,0,756469.7357854092
1259,2,2,0,0,1,424686.824891997
3331,4,1,1,0,1,1067049.978485325
1009,5,2,0,0,0,625985.0219630781
2919,5,2,1,0,1,963663.1636348615
685,1,3,1,0,1,294726.9481789162
1216,1,1,1,0,1,461594.6047465666
3869,5,2,0,0,0,1142365.6476770467
3403,4,2,0,1,1,1094810.1981423786
2228,5,3,1,1,1,839585.1392648487
1977,1,3,1,0,0,582441.5405710806
2266,5,3,1,0,0,915993.9357681872
2151,4,2,0,1,0,697207.6180183974
2311,2,1,1,1,1,633584.8979286475
2316,4,2,0,1,0,771467.2199765706
3031,1,1,1,0,1,825705.6018440085
2144,2,1,1,1,1,683574.7103071077
3887,3,2,1,1,1,1159375.400676427
3324,4,2,1,0,1,954849.5199163724
1372,5,3,0,0,0,696819.452913105
3997,4,1,0,1,1,1187085.9014634215
524,2,3,0,0,0,352183.66610761726
3979,3,3,0,0,0,1126397.5637048904
2366,1,3,0,0,0,581252.2821363236
1653,4,3,1,0,0,664285.1656491844
2977,1,1,1,1,1,801021.8058898299
1701,5,1,1,1,1,736519.0235827706
2010,5,2,1,0,0,770357.4077640601
2816,4,2,0,0,0,896965.4308155556
1393,4,3,1,0,1,671334.5561298255
1030,4,2,1,0,1,527799.8682259982
2344,2,1,1,0,0,680614.8732800938
2976,2,1,1,0,0,911844.8527237308
3104,2,3,1,0,0,831874.972000135
1134,4,1,1,0,1,563453.8773317207
2082,1,2,0,0,1,526116.7231329689
3501,5,2,1,1,0,1073343.1203386125
3886,2,1,1,1,1,1048464.9050385196
3278,1,2,0,0,0,826138.8017815424
2595,2,3,0,0,0,747589.8370102866
1361,5,1,1,0,0,614268.2266891279
2306,4,1,1,0,1,673992.4773260225
3094,1,3,1,0,1,793009.2212563807
805,1,1,0,1,1,217719.29946752216
890,1,2,1,1,0,397887.49974946183
2417,3,1,1,0,0,779991.4611705914
3708,4,2,1,0,1,1117243.6944665522
825,2,2,1,1,1,445235.8444821253
1024,3,1,1,0,0,539685.7380438491
740,3,2,1,0,1,444957.54250058567
1361,3,3,1,1,1,681365.6851582828
3346,1,1,1,0,0,839801.6097450698
1861,5,3,1,0,1,787123.7995213696
3527,4,2,0,0,1,1088511.7919764686
805,2,3,0,0,0,381217.17125778366
2238,4,2,1,0,1,810494.215764174
1451,3,3,1,1,0,667495.3240400049
1415,1,1,1,0,0,466319.26185093407
1225,5,2,1,1,1,622516.9033020304
1347,2,3,1,0,1,501731.1907540211
3454,1,3,0,0,1,888179.9720176572
3020,4,2,0,1,0,911346.911485373
2105,3,3,0,0,0,658448.9138539049
530,3,3,1,0,0,409702.3579339421
2697,4,1,0,1,0,884829.3698297334
2702,5,3,0,0,0,903215.714638906
1617,4,2,1,0,0,677224.1426625744
2069,2,3,1,0,0,665443.3126066272
1551,3,2,1,0,1,550105.707840694
3740,2,3,0,0,1,1040150.4427864584
3564,1,1,1,1,1,904300.1201859679
3140,4,3,1,0,0,985822.4663352931
1460,2,2,1,0,0,462281.3991959366
1825,5,2,1,1,1,836933.2203444338
1772,5,2,1,0,1,658216.6613057926
2783,3,2,1,0,0,781501.9727017613
1186,4,1,1,0,1,628824.8072198341
931,2,2,1,0,0,437627.69498812617
747,2,2,1,0,1,318889.9938473355
723,3,1,0,1,1,540409.4154181469
3576,2,3,1,0,1,917148.3319078225
3153,5,2,0,0,1,999918.8475381444
1590,1,2,1,0,1,534150.5755149454
2635,1,3,1,1,0,770345.2548804616
3852,3,1,1,0,0,1090712.8799146893
1666,4,2,1,0,1,654794.6174280493
2025,4,3,1,1,0,911006.847363531
2920,2,1,0,0,0,833359.9458379433
1084,1,3,1,1,0,418011.02978017146
3583,1,3,1,0,1,962004.7109694179
1700,3,3,0,1,1,736168.0117803861
1200,1,1,0,0,0,311052.258184724
548,3,1,1,0,1,286253.0479672768
2231,2,3,1,0,0,609755.1614312555
1750,5,3,1,0,0,780452.0287113636
869,5,1,1,0,1,538897.6370482603
2347,2,2,1,0,1,651144.504377977
1532,5,2,1,0,1,706649.9932474149
3778,5,1,0,0,0,1071056.9306253255
1453,3,1,0,0,0,515627.59673768404
919,3,1,1,0,0,430333.4241325323
2429,1,1,0,1,0,664729.559065176
1615,2,3,0,0,1,544066.4292082762
3380,4,3,1,0,1,1127851.5752118542
591,1,3,1,1,1,437770.23460418487
729,3,1,1,0,1,375758.387555046
1946,4,3,1,0,1,762264.0593316079
1599,4,1,0,0,1,584824.7067140262
3977,2,2,1,0,0,1027482.2101948214
849,5,3,1,0,1,614777.4756040873
3182,2,2,1,0,0,898689.6780229606
783,1,1,1,0,0,215247.89304572679
1957,4,1,1,0,0,708389.6358344663
1933,1,2,1,1,0,598731.6034016276
3968,1,2,1,0,0,987720.4030060492
1389,2,2,0,0,1,580370.4101863715
2773,3,2,0,0,0,813967.2317694095
3516,5,2,1,0,1,1101188.9923324313
2493,5,2,1,0,0,901726.0732588379
2193,5,2,0,0,0,752250.7979468092
1251,1,2,1,0,0,393931.98139265465
1540,5,3,0,0,1,706116.8295955809
2829,3,3,1,1,0,856090.384851152
2279,2,3,1,1,0,774180.4304385588
1125,1,1,0,0,0,440805.70679861144
1579,5,2,1,0,0,621229.5770840275
1087,1,3,1,1,0,578354.5948533735
3302,4,2,0,0,1,895965.3011632035
527,1,2,0,0,1,285162.33992555254
625,3,2,1,0,1,515112.5401026655
2772,5,1,1,0,1,890329.7818539899
2661,5,2,1,0,1,885131.4922439518
3072,4,3,0,0,0,1020404.7812968934
574,4,3,0,1,0,463457.27942099597
1972,1,1,0,1,1,582117.9414416167
1961,3,2,1,0,0,708926.7015911316
2517,1,3,1,1,1,748894.9332010926
2316,5,1,0,0,1,845836.5827395426
3638,3,3,0,1,0,1067605.6967673276
899,2,2,1,0,0,372001.4956401419
2752,1,1,0,0,1,646808.7159650027
3280,4,1,1,0,1,909180.7477594984
1166,5,2,0,1,1,764127.1171650874
2056,5,3,1,0,1,844314.8475904954
2458,3,2,1,0,1,760222.6917716623
3228,3,1,1,0,0,916035.8223982716
1854,2,2,0,1,0,540510.6538503269
1480,2,3,1,0,0,435499.0841656288
2397,4,1,0,0,0,771464.2003050767
2172,4,1,1,0,1,727297.4007374083
3016,1,2,1,0,1,823615.1223610725
999,5,2,1,0,1,491338.1371306451
2093,1,3,1,1,0,679782.140979079
2829,5,1,1,0,1,884272.8739982824
1008,2,3,1,1,0,520395.4447983841
1040,5,3,1,0,0,615607.2175823828
2526,2,1,0,0,1,630494.9426920605
2490,3,3,1,0,0,719230.8498487051
2105,5,2,0,0,1,751907.6686700383
2786,5,1,0,0,1,882317.5344125616
1231,1,2,1,0,0,464732.318473713
1971,4,2,1,0,0,791980.7922954424
2868,4,3,1,1,1,1029117.4722694787
3395,4,2,1,0,0,1019611.6807084926
3289,2,1,1,0,0,959408.0262450248
3968,2,1,0,0,0,984059.081063012
3963,4,3,0,0,1,1221692.9751563238
3173,1,1,1,0,0,838312.2722800294
3978,4,2,1,0,1,1101964.5864601124
1059,3,2,1,0,1,452887.77768210624
1344,5,1,0,0,0,543637.8278682083
1017,1,2,0,0,1,323249.7771420758
2781,4,1,0,1,1,833068.0756913025
1341,4,1,1,1,1,596137.1479555547
1829,4,2,1,0,0,676912.1756922079
1768,1,2,1,0,0,522600.7727783903
1399,3,2,1,0,0,567813.4108434601
2866,2,1,1,0,0,831352.2321823396
3333,2,3,0,1,0,855850.5528940285
3719,2,2,0,0,1,1003574.5980833046
1584,1,3,1,1,0,604502.7585656543
2701,4,1,1,0,1,842522.5486380986
2859,3,1,0,0,1,786171.8505907627
3984,4,3,1,0,0,1113293.0120361648
1239,5,3,1,0,1,725617.2596950235
3202,3,3,1,0,0,864241.884923752
3217,5,3,1,1,0,1143604.2456448528
1984,2,2,0,0,1,563467.8262138923
3110,3,3,1,1,0,939391.065311812
578,2,2,1,1,1,430813.0218741474
1696,3,3,1,0,1,580069.4798341227
3648,4,3,0,0,1,1052882.9948736075
3446,1,2,1,1,0,876664.3054940457
3046,3,2,0,1,1,925875.2589039579
3056,1,1,1,0,0,776524.3087625846
1155,2,1,1,0,0,337557.06433582853
1987,4,1,0,0,1,772472.8302313309
1145,2,2,1,0,1,403395.4120013262
3116,1,1,0,1,1,725865.7801374845
1917,1,1,0,1,1,517987.49410622416
2492,5,3,1,0,1,945745.254091075
1558,2,1,1,0,0,467233.3676003313
1429,4,1,1,1,1,723400.0227937726
2119,2,2,1,0,0,702414.3830823876
3376,4,1,1,0,0,1063105.5098505376
3145,3,2,1,0,0,934064.8366830173
667,1,3,1,0,0,237990.3883967752
1805,5,1,1,0,1,712662.2187869403
2233,2,1,0,0,0,687980.2938939396
1487,5,1,1,0,0,640586.233984167
3827,3,2,1,1,0,1050865.984977651
945,4,2,0,1,0,543559.0756792609
3707,2,1,1,1,1,954075.1173844101
2359,3,3,0,0,0,766669.5348139049
1419,4,1,0,0,1,550805.3636776281
1481,1,3,0,0,1,472475.7271437609
1699,3,3,0,0,0,706924.606114378
950,4,1,1,0,1,479960.0014327702
1112,5,2,1,1,1,611492.7835852501
1435,1,1,0,0,0,420938.22337366646
3961,1,2,1,0,1,970239.8978797385
1150,1,2,1,0,1,401935.76128686423
1090,3,2,0,1,1,553109.8478907672
2906,2,3,1,0,0,776194.9082317408
545,5,3,1,0,1,609657.3515949283
2138,4,1,1,0,0,686690.5995612537
1789,1,2,0,1,1,541851.725869152
1286,4,1,0,0,0,543255.5456089824
3579,2,3,1,1,1,1029768.5396250034
3885,3,1,1,0,1,1068893.046836471
1905,4,1,1,0,1,740104.0841000059
3415,2,3,1,0,0,996679.8046799557
1371,1,2,0,1,0,497607.2507065593
2392,4,3,1,0,0,993973.4816218241
1347,1,2,1,0,1,417265.3621627342
3242,2,3,0,0,1,948375.6672271761
792,3,2,1,0,0,451932.37809781026
3448,3,2,1,0,1,954227.7256052436
1412,4,3,1,0,0,665964.5566234279
1279,5,2,0,0,0,609610.9665047594
2959,2,3,0,0,0,825965.6274269343
3264,2,1,0,0,0,757342.2570291592
1759,5,2,0,0,0,668855.2242895608
2550,3,2,1,1,0,771287.7927701788
2583,1,2,1,0,1,707350.4050929495
785,3,3,0,1,0,428928.2470947349
719,3,1,1,0,0,415717.2946773021
768,5,1,0,0,0,492375.8252991934
846,3,3,0,0,1,461239.7913630657
3141,1,1,0,1,1,816658.366984825
1200,5,2,1,0,1,642928.9294538859
1576,1,1,0,0,1,449565.90534960775
3990,5,2,0,0,0,1226204.4753466062
3507,2,3,1,0,0,952424.7320233526
1600,3,3,0,0,0,495970.1120051368
2918,4,3,0,1,0,961685.8112681138
2731,5,1,0,0,1,858354.5347197622
3719,5,2,0,1,0,1106705.2040418736
2664,5,3,1,0,1,942437.1448612097
2412,2,1,0,1,0,796494.9307527791
3576,3,1,0,0,0,910520.7879723152
3826,3,3,0,1,1,1128871.2575845993
1062,5,1,1,1,0,560605.3095957295
550,3,1,0,0,0,372077.52777600713
1126,4,1,1,0,1,490935.3844348026
2908,3,1,1,0,1,753370.163595052
2405,2,2,0,1,1,790864.7153321002
1752,2,1,1,0,1,486922.12021615374
3662,1,1,1,1,1,941210.5879883543
2190,1,2,1,0,0,656096.8947068285
2834,1,2,1,0,1,749381.88984164
2423,2,1,1,1,0,731660.4528401761
3364,3,2,1,0,0,940098.1587739936
2774,1,1,0,1,1,744614.6338661844
1493,4,1,1,1,1,745831.8927625184
1047,2,3,1,1,0,496667.8748300356
2844,1,2,1,0,1,764330.304175584
2242,3,1,0,1,0,696037.5916458484
1515,5,1,1,0,1,613348.3048671056
2967,2,3,0,0,0,807547.5851964985
1147,5,3,1,0,1,682780.5354287814
1095,1,1,1,1,0,401436.10726994206
1382,1,3,1,0,0,552692.8833505446
712,1,2,1,0,1,241964.91147158868
3665,4,3,1,1,0,1168608.7425529007
3387,2,1,1,1,1,922672.1554523223
2321,4,1,1,1,1,709091.0339581562
1630,1,2,1,0,1,499310.31221700186
3833,2,1,1,1,1,1036819.1918636176
1341,2,2,1,0,0,531683.8072482215
3430,2,2,0,0,1,938049.1281835102
1466,1,2,0,0,0,444448.7340837325
931,2,2,1,0,1,438632.667673512
3760,3,1,0,0,1,1027684.1398802599
1490,1,2,0,0,1,427692.0816033706
2730,4,3,1,0,0,886519.5948627845
2581,3,3,1,0,0,911320.6079977694
3759,5,3,1,0,1,1201968.9139449862
1956,2,2,0,1,1,595525.691480372
3290,3,3,0,1,0,992211.5121562822
1044,3,3,1,1,1,639021.7682055855
3546,4,1,1,0,1,1074022.576607948
2018,3,3,0,0,0,673121.5261428547
809,1,1,1,0,1,313249.89048731944
561,2,2,1,1,0,464488.63244513504
892,4,2,1,0,0,589420.4121774853
2028,5,1,1,1,0,784897.574973421
3652,2,3,0,0,1,925269.6063104797
2229,1,1,1,0,1,620301.8659573955
3008,5,1,1,0,1,980954.6927481949
2013,3,2,0,0,0,659429.2165381756
3217,1,2,0,0,0,797755.0809681092
997,3,1,1,1,0,620417.0276242676
2352,1,2,0,0,1,651409.7697699534
2081,5,2,1,1,1,851623.323808366
1461,3,3,1,0,1,658866.0784948306
2382,4,3,1,0,1,883779.5999472706
2051,1,2,1,1,0,685068.1105837399
3704,2,1,0,1,1,1001740.5476520872
3854,5,3,1,0,0,1047695.2445993784
2722,5,2,1,0,1,879351.1861326335
3452,4,2,0,0,0,1003825.6960199912
3163,4,2,1,0,0,967664.5158506967
1749,1,1,1,0,1,471553.2444700208
2546,3,3,0,1,1,844538.2243883308
2284,3,1,0,0,1,695404.6074956093
1057,2,3,1,0,1,582980.7650431918
2690,5,2,0,1,0,920070.6230881872
2665,5,3,1,0,0,974270.439474849
2300,5,3,0,1,1,803174.0609042841
814,4,3,1,0,0,587806.68188459
1804,5,1,1,1,0,682254.9656270433
1651,3,1,1,0,1,679012.217733571
2486,3,2,0,0,1,844965.0814128988
2861,3,1,0,0,0,816849.1419836523
2545,1,2,1,1,0,730390.1495550856
3102,1,2,1,0,0,798737.1416169491
1996,3,3,0,0,0,701778.2838275522
722,4,2,1,1,0,486167.01837135333
858,1,2,1,0,1,377524.3511606301
2474,3,1,1,0,1,770288.3725116643
2819,3,3,1,1,1,924284.8280763612
2191,4,3,1,1,0,853997.3703834075
3469,5,2,1,0,1,1139462.3623727649
1278,5,1,0,0,0,717342.6156934227
1104,5,1,1,0,1,511882.5599428151
1275,4,3,1,0,0,625424.4815232009
2710,1,2,0,0,0,729843.8220572859
3215,5,3,0,1,0,1087496.2397482847
1867,4,3,1,0,1,772622.0355303771
2727,1,1,1,1,1,666563.1576530368
2221,1,1,0,0,0,511928.2675395475
3806,5,1,1,0,0,1111909.5734110172
2731,5,2,1,0,0,922529.7554244006
3837,3,2,0,0,1,1123803.8763861922
1272,5,3,0,0,1,630925.2820420137
2954,1,3,0,0,1,786925.6766614119
1662,1,3,1,1,1,655289.22524504
1465,4,2,0,0,1,547527.8051240344
2449,5,1,1,1,0,919483.2478441882
3446,5,2,1,0,1,1002571.7085461069
3100,4,2,0,0,0,930793.1543832073
3149,5,3,1,1,0,1089738.5139802992
1486,1,3,0,1,1,482728.2211358194
2089,2,1,1,0,1,703261.269368728
2006,4,2,1,1,1,800126.09895608
3333,2,2,1,0,0,876432.7491788102
1361,1,3,0,0,1,478668.75763095147
962,5,2,0,0,1,616126.526896456
1605,2,1,1,1,1,474003.201467895
3128,2,3,0,0,1,920241.5538793912
1778,5,1,1,1,0,740104.2494528566
3490,2,2,0,0,0,930478.7929929702
2133,5,1,0,0,0,774247.5591058613
1728,5,3,1,0,0,655262.2413247697
643,5,2,1,0,0,548920.1331555704
3032,4,1,1,0,0,919709.7135233176
1748,5,2,1,1,1,913336.3945022989
3311,5,3,0,0,1,1118137.7449944247
3226,3,2,1,1,0,992003.4846071476
3875,2,3,1,0,1,1064027.87949296
1578,5,2,1,1,1,750237.8231417494
2988,1,2,1,0,1,807214.1818362514
3443,3,3,0,0,0,1012898.8219684353
1686,4,2,0,1,1,615418.1981246008
1627,4,2,1,1,1,638980.4127822912
3070,1,1,0,1,0,813689.0301884101
3037,5,2,1,0,0,968929.4871485181
1466,5,3,1,0,1,665817.9760391591
3414,3,2,1,1,1,989834.7646327079
3815,2,1,0,1,1,1012234.2795427414
3222,4,1,1,0,0,872739.3927943339
3893,5,2,0,0,1,1185596.5660629356
3882,5,1,1,0,1,1112706.7339235505
3828,4,2,0,1,1,1147132.4450899865
2998,2,1,1,1,0,852830.277212922
1141,2,3,0,0,1,519987.3850072436
3598,4,3,1,0,1,1108981.7961824592
2907,1,2,1,0,1,795883.2821104674
1196,4,2,1,0,0,591140.4371838672
3779,5,1,1,0,0,1055001.0819559575
3992,4,1,1,0,1,1109109.973018875
3034,4,1,1,1,0,962331.925465983
3592,2,3,0,1,0,1065312.1441707076
3843,5,1,1,1,1,1174602.1763984442
986,2,3,0,1,1,581518.4037885829
2583,5,1,1,0,1,892634.2334518533
2241,4,2,1,1,1,810913.9174952728
1055,1,1,0,0,1,359336.72007675725
2794,4,3,1,1,0,881437.5781431368
3635,1,2,1,0,0,840419.3671587573
2940,2,2,1,1,1,855812.1384776176
3526,4,2,0,1,0,1125119.267543708
718,3,3,0,1,1,432778.3557241102
1365,1,1,1,0,1,582911.5634830171
2474,2,3,0,0,1,726724.8782389147
1871,4,3,1,0,0,814345.2643705007
1951,3,2,0,0,1,676953.573255559
1844,4,2,1,1,1,768346.2488523802
672,4,1,1,0,1,436460.88764870877
2849,1,2,1,1,0,816183.1836113561
1971,3,2,0,1,1,739754.1732046372
3265,4,2,0,0,1,965786.7404340785
3251,2,1,1,0,0,827876.3754939511
3681,4,1,0,0,1,1010648.5818268192
3418,2,2,1,0,1,945015.619403916
1945,2,3,1,0,0,690319.6475910494
3951,2,3,0,0,1,959749.4940246126
1500,4,1,1,0,0,708630.431753501
1578,2,2,0,0,1,475798.6771590837
3581,1,1,1,0,0,831180.7297432987
627,3,2,1,0,1,356533.5971519597
3542,2,3,1,0,0,940801.7287663297
2868,4,3,1,0,1,1074097.984350692
1664,4,3,0,0,1,565963.8454298679
2630,5,1,1,1,1,902126.0713182783
3310,4,1,0,0,1,932290.0702300507
1020,3,3,0,0,0,457907.7299893721
748,4,1,0,0,1,521043.659088762
2790,1,2,0,1,0,765223.1520226649
689,1,3,1,0,0,335028.62508526293
2434,5,2,0,0,0,808080.084355334
3335,5,1,1,0,1,1073411.2914628978
2058,2,3,1,0,1,662551.8639311788
2196,5,3,1,1,0,954201.5402900928
1597,5,3,1,0,1,708191.1359135003
1159,5,3,0,0,1,654397.4001570466
2680,4,1,0,0,0,809693.5753543772
1829,5,3,0,0,0,798219.7415992396
1683,1,2,0,0,0,475783.6696108858
3860,2,1,1,1,1,1144267.130432769
852,1,3,1,1,1,447145.846711162
3169,1,3,1,0,1,857002.957091951
3369,4,1,0,1,0,1027403.3962530392
2092,2,2,0,1,0,720881.543998268
731,1,2,0,0,1,309632.1380629028
3586,3,3,0,0,0,970083.355190031
3654,5,1,1,1,1,1137094.138791719
2642,4,2,0,0,0,813290.170006814
1423,3,3,1,0,0,607504.778280696
1662,2,1,1,0,0,556612.2274698582
3111,2,1,1,0,1,816830.584563609
2309,1,3,1,0,0,672993.6928264555
2721,3,2,1,1,0,971186.6159941223
3706,4,3,0,0,1,1159715.0851899148
708,2,1,1,1,0,339314.806837633
1388,5,3,0,1,0,748442.9052141507
1881,2,1,0,0,1,573262.6765752005
3733,5,2,0,0,1,1120075.5851076485
2687,5,1,1,1,1,884648.7845331402
3270,4,1,0,0,1,955634.1912211275
3405,2,3,0,0,0,928032.046587486
3184,5,1,1,0,0,1069343.4962776338
1196,2,1,0,0,0,362038.7672878519
1715,5,3,1,1,0,878489.551444719
3690,1,2,1,0,1,826733.2201153305
2331,4,2,0,0,1,873833.6658406651
1768,5,3,1,1,1,785662.8959634607
560,2,1,1,0,0,305382.04405466985
3153,3,2,1,0,1,800480.0079394976
1093,4,1,0,0,0,563250.7257056858
867,3,1,1,0,0,447048.9604396905
684,3,3,1,0,1,491054.41441462224
1885,4,2,0,0,1,727437.229055798
2574,5,1,0,1,1,843987.9341335833
3466,5,2,1,0,0,1040812.5766742657
1540,2,3,1,0,0,483095.8550497637
2332,3,2,1,0,0,745160.2327663598
1604,2,1,1,0,1,510136.34604193
3174,4,1,1,0,0,936046.2561117987
3094,1,1,1,0,1,737917.4526695047
567,5,1,1,0,0,451758.09322693216
927,2,3,1,0,1,418524.07086176827
933,4,1,1,1,1,531538.4275764864
521,1,3,0,1,0,328775.74306154565
920,5,2,1,1,1,607851.8141869307
2751,4,2,1,1,0,846630.0868555424
3067,1,2,0,0,1,783070.2199534877
3616,5,3,0,0,0,1122047.2870615644
3526,3,1,1,0,1,1008310.2683185904
3015,2,1,1,1,0,884743.1237172638
2778,1,2,1,0,1,759876.2719738169
1976,5,2,1,0,0,751522.3578641106
1410,4,1,1,1,0,664947.8278411201
2538,4,3,0,1,0,888744.7074711607
1981,3,2,1,0,0,558077.8705237932
3305,5,1,1,0,1,970004.4041438188
1278,1,2,0,0,1,397208.16319766466
1436,4,3,1,0,0,653933.0950466837
3290,5,1,0,0,0,1012242.0364287698
1809,4,1,1,1,1,763858.2691625375
2175,3,3,1,0,0,777900.9487980816
3089,3,2,0,0,1,898830.710155859
3919,4,1,0,0,1,1048006.0033630994
3947,5,3,1,1,1,1265261.578453361
1945,5,3,0,1,0,804600.8200569674
2965,4,3,1,0,1,880961.2240798848
1894,3,3,1,0,1,720538.1093290561
3176,5,2,1,0,1,983906.8917098616
3836,5,1,1,0,0,1199880.7277129386
949,3,1,1,0,0,374098.19583673653
3067,5,3,1,0,0,1027073.8461336409
2274,5,2,0,0,1,879175.3363995226
1319,3,3,1,1,1,654802.5171516917
2249,4,2,0,0,1,773645.4446237754
2474,3,1,1,0,0,696250.1546609426
1883,4,3,0,0,1,725397.6543355464
1125,2,1,0,0,0,338011.23411933536
3961,1,2,1,0,1,969275.6270940942
1792,1,3,0,0,0,534394.362527044
1173,4,2,1,1,0,572809.2595522425
1591,4,2,0,0,1,641906.1095715818
3675,4,1,0,0,1,984356.5528061186
795,5,2,1,0,1,474783.11547486734
1586,1,1,0,0,1,399305.7787141006
1091,5,1,0,0,1,608464.0640856309
2885,1,2,1,0,0,771486.7109565504
2737,5,1,1,1,0,1009048.7227439133
2863,3,2,0,0,0,875592.3645862405
2783,4,3,1,1,0,870410.4952021664
959,5,2,0,0,1,629429.3982843456
2668,4,3,0,1,1,942830.7414196174
3226,1,3,1,1,0,830061.9477800628
1050,4,2,0,0,1,541083.7940668692
1596,1,1,0,0,1,377957.7876610488
3005,3,1,0,1,0,918280.7174132211
2056,3,3,0,0,0,754375.73767656
1070,1,2,0,0,1,358971.3803705048
1791,3,2,1,1,1,664059.6313456057
783,5,2,1,0,0,569888.8488992942
3486,4,1,0,1,0,1021180.54000291
3085,4,3,0,0,0,950521.3020959132
1734,2,3,0,1,1,659326.360515376
3039,3,3,1,1,0,977119.4600382599
2964,1,2,0,1,0,725769.3026395784
1444,4,1,1,1,0,652235.9531500606
2725,3,3,1,0,1,797178.3699360546
2914,1,1,0,0,0,594276.2110708837
3606,5,2,1,0,0,1072328.469919845
1586,2,3,1,0,1,608394.1796862155
3549,5,2,0,0,0,1083145.3806515136
2178,1,3,0,0,0,585586.4768017628
1419,4,3,0,1,1,678855.1577167584
737,3,1,1,0,1,338812.14572245826
511,1,3,1,1,1,292063.63074492035
2605,4,3,0,0,0,886885.1788460083
581,5,1,1,0,0,576203.1826684682
1438,1,3,0,1,1,563136.5271530091
3669,5,3,1,0,0,1185339.4876607012
2162,4,2,1,0,0,783056.1280014678
1286,2,1,0,0,1,570293.9636149164
3840,1,2,0,1,1,912099.3331578661
2277,1,3,1,0,1,782009.9844536909
1689,5,3,1,0,0,803282.656332184
2558,1,2,1,0,0,667174.0278327136
3812,2,2,1,0,0,981447.1430792524
511,1,1,0,0,1,146158.5465051586
3976,3,3,0,0,1,1116460.0287622516
2013,1,3,0,0,0,644942.4684749026
1733,1,1,1,1,0,543954.4083729024
2325,2,1,1,0,1,728209.4579859335
3736,2,3,1,1,1,1067532.3256637785
630,2,2,1,1,0,404164.66758226126
2282,3,3,1,1,0,802562.3948470985
2244,2,3,0,0,0,673632.8508248696
2857,4,3,1,0,1,1037145.6201582537
1611,4,2,0,0,1,639405.1044324167
3023,1,1,0,0,0,622707.7345104609
3926,2,1,0,1,1,998797.2375563132
747,4,2,1,1,1,589083.2062819218
2197,3,1,0,0,0,697684.5540931214
3200,1,1,1,0,0,760756.339637682
1493,5,2,1,0,1,656712.3762215263
1632,5,3,1,0,0,733513.3749441925
950,4,1,1,1,0,513009.87313601846
609,3,1,1,0,0,460876.11914473
645,4,3,1,1,0,565650.4922997978
1743,1,3,0,0,1,576042.5350309011
3410,5,2,0,0,0,1067126.8793345306
637,2,2,0,0,1,291267.8808048378
3439,4,1,0,0,1,994150.7861645205
2164,5,1,0,0,0,675300.9364157784
2835,5,2,1,1,0,1103058.4163485973
1818,3,2,1,0,1,760244.5003096337
1659,1,2,1,0,1,619501.9131575797
3832,4,3,0,1,1,1101465.1271497968
3267,5,3,1,0,1,1015536.5893928327
2959,2,2,1,0,0,856352.2934369728
3400,4,1,0,1,0,1062863.2913769376
3478,1,1,1,1,1,832447.8309680768
557,5,1,1,0,0,412139.67381684546
3947,2,2,0,0,0,979238.6018831183
2889,3,3,1,0,0,872967.2611716657
3350,2,3,1,0,1,999479.60977893
2714,3,3,0,0,1,904286.442225934
3959,1,2,1,1,0,981661.5805611878
3483,4,3,0,0,0,998389.7404263526
699,3,3,0,0,0,450916.4371471336
695,2,1,1,1,0,432272.2752258412
3272,3,1,0,1,1,910186.2973879847
3475,5,1,0,0,1,929080.89760508
1193,3,1,0,0,0,463387.63323672325
1273,2,1,0,1,1,545560.3419046162
2496,3,2,1,0,1,716434.1711030413
2645,3,3,1,0,1,795424.3737041233
2585,1,1,0,0,1,703505.3387295566
2669,2,1,0,1,1,741262.894564354
3574,5,3,1,1,0,1150993.87754036
3478,5,1,1,1,0,1136166.8472380594
1620,5,3,1,1,1,812285.872666184
1504,3,1,0,0,0,551760.8717831247
2255,2,1,1,0,0,599247.6679975333
2231,4,1,1,0,1,750472.1125283799
3101,2,3,1,0,0,770373.9273146156
1609,5,1,1,1,0,700117.1177783501
2839,3,2,0,1,1,946753.8818920453
723,1,3,1,0,1,334490.475915862
1776,4,3,0,0,1,741946.8623584579
3920,3,1,1,0,1,995203.6983644511
1651,5,1,1,0,0,611992.7077102095
1708,4,3,1,0,0,765339.2430845749
2093,3,1,1,0,0,737477.8099810929
3265,1,1,1,1,1,800515.9251027388
2684,3,3,0,0,0,733627.7836254853
3728,2,2,1,0,0,982332.5264002251
1502,4,1,1,0,1,638233.6663029934
826,3,2,0,0,1,454800.5865211164
1917,2,2,1,1,0,637661.9151649673
994,4,2,1,0,0,495901.6727537624
1888,1,1,0,0,0,545558.19063927
1324,3,3,1,1,1,550638.3714357078
1778,5,3,0,0,1,780001.7389173092
2283,2,1,1,0,0,574165.685803388
1512,4,1,1,1,1,668113.0926015285
2671,4,2,1,0,0,824470.9904914943
3439,2,2,0,1,1,971614.736444352
3766,2,3,0,0,1,917640.364112335
1967,5,1,1,0,0,770278.883094149
2475,4,3,1,1,0,899604.1888376196
2006,5,2,1,0,0,739224.9254821963
3222,2,2,0,0,0,809938.5960948532
1526,5,1,1,1,0,638797.6668156355
3717,4,1,1,1,0,1075045.1144430155
3811,5,1,1,1,0,1083626.706965164
2460,4,3,1,0,0,886377.5905211162
3484,4,1,1,1,1,1004024.6452274342
1766,4,3,1,0,0,698555.1664336316
1035,3,2,1,0,0,489123.10602593067
3506,1,3,1,0,0,927353.9669365077
3557,3,2,1,0,1,971307.2248574675
2513,3,2,0,0,0,800543.3516419209
2063,5,3,1,0,1,762658.1067654068
1899,4,3,0,0,0,701022.6515218401
1073,3,3,1,0,0,470304.17725942645
2803,2,1,0,0,1,773474.2307364914
3685,3,3,0,0,1,1034389.4488055187
1720,5,2,0,0,0,702278.1205637625
3166,2,2,1,0,1,882998.6396459119
968,4,1,0,0,1,472055.55624243076
2287,1,1,1,0,1,588143.3943503654
2024,2,2,0,1,1,686218.2409436075
2450,5,3,0,0,0,793194.8529109359
2827,2,2,1,1,0,816387.0346787185
844,3,1,0,1,0,514110.26944147033
1135,1,3,0,1,1,425674.5176354101
1002,4,2,1,0,1,622303.7614598762
3951,4,2,1,1,1,1106969.2048561585
1804,1,2,1,1,0,575122.2702551871
1204,1,3,1,0,0,485399.4542703995
3121,4,2,0,0,0,837619.8095816493
1399,2,1,1,0,0,498549.13980310265
3193,4,1,0,0,0,887637.8961947518
1537,2,2,0,0,1,509686.3107047484
2235,1,2,1,0,0,735490.4679215645
2977,1,1,1,0,1,749578.3623040117
2930,3,3,1,0,0,889645.022060215
696,5,1,1,0,1,489503.70051712525
2521,3,2,0,0,1,709623.8499216209
849,4,1,1,0,0,428952.50112972484
674,1,2,0,0,0,235327.5233610541
1687,2,1,1,0,0,560267.8170778665
3134,4,3,0,0,1,930827.630934844
2923,1,1,1,0,1,771744.5227198298
3013,4,2,0,1,0,965813.5198585597
2043,2,2,1,0,0,615349.4119916747
1774,4,2,1,1,1,763431.0166880996
3460,5,2,0,1,1,1187736.16869383
1324,2,2,1,1,1,562422.2111209093
1714,2,3,1,0,0,587668.979175719
3923,5,2,1,0,0,1110855.9420628496
2231,3,1,1,1,0,631005.3522249532
1714,4,1,0,0,0,601437.5042478847
3579,1,1,0,0,1,742879.9861679295
2811,5,3,1,0,1,1010874.7259717516
1307,5,3,0,0,1,590774.7044580249
1432,1,1,1,0,0,392745.31549570605
1694,4,2,1,1,1,678784.1405912535
2743,1,1,1,0,1,710971.9118272339
3298,5,3,1,0,0,1134395.0704778396
558,3,1,1,0,1,336940.3222237724
3194,1,1,1,0,0,745025.552181331
759,1,3,1,0,1,399119.1890748154
3141,5,3,1,1,1,1039491.9182110849
3413,4,3,0,0,0,1046030.331097432
3431,2,2,1,0,1,935144.5058368779
3830,2,1,0,0,1,1002025.4923312722
3814,5,3,1,0,1,1282458.0985451562
2370,5,1,0,1,1,793976.7809436154
2344,2,1,1,0,1,635069.8607898232
1243,2,1,1,1,0,498392.2460293487
3587,1,2,1,0,0,885488.1042715851
2125,5,1,0,0,1,697868.2276376099
2140,2,1,0,1,0,692215.651832119
913,2,1,1,0,1,406475.36269216595
1754,2,3,0,0,0,532820.7190678687
562,4,1,1,0,1,462356.07555415964
994,4,1,1,0,1,364264.88809604535
3658,1,2,0,0,1,901899.0008795904
2934,3,3,0,1,0,954289.6242623496
1492,2,1,1,0,0,596341.0296534201
2911,2,2,1,0,0,855244.849293294
2903,2,3,1,0,1,781248.3233191483
2227,4,1,1,0,1,745797.6124126381
3324,5,2,1,0,1,1066998.4184186838
1000,1,1,1,0,1,479934.3316163424
2818,4,1,1,0,0,894474.1734919524
3205,5,3,1,0,1,1045452.6973017991
1650,1,3,0,1,0,604305.9249858059
1321,2,3,1,1,1,529127.6434798791
1577,3,1,0,1,0,545898.3056205744
1989,3,1,0,0,0,653526.3150833816
789,3,3,1,1,0,501402.8422683065
1704,1,3,0,0,1,571926.3259400125
3067,1,1,0,0,1,697866.2355131584
1521,4,3,1,0,1,727032.1315935834
3443,2,2,1,0,0,809755.2848436993
3558,3,2,1,0,0,999202.1654176137
3708,2,2,0,0,1,889926.5977254603
744,3,1,1,0,0,385708.26331783854
1967,2,1,1,1,0,662250.4337408656
764,1,1,1,0,0,189236.60358195796
3555,2,1,1,0,1,976186.8382131155
891,3,3,1,1,0,537455.7128524603
3562,4,3,0,0,0,1113579.9475356897
2445,5,2,0,0,1,807000.9093900465
3739,1,2,1,1,1,1004802.4391857457
2010,5,3,1,0,0,771457.4958185564
3707,1,1,1,0,1,861213.741564124
3154,5,3,1,1,1,1004148.9077977238
2282,5,1,1,0,0,714569.549312484
2600,3,1,0,0,1,722879.7373987059
2483,2,3,0,0,1,797368.0600511215
2327,4,2,0,1,0,831086.7027533705
2452,4,1,1,0,1,775070.5806330765
2345,5,3,0,0,1,824194.533378877
1823,5,2,1,1,1,681084.8543066963
1345,1,3,0,0,0,492594.4291637077
3865,4,1,1,1,0,1091471.017372718
1718,4,2,1,1,0,648482.1587981464
681,2,2,1,0,0,338986.57474767737
2855,5,2,1,0,0,968466.1598654215
1520,4,1,1,1,1,580177.3528488558
3293,2,2,1,0,1,885704.2740080467
3944,3,1,0,0,0,1027858.5152263235
2881,5,3,1,1,0,1086772.0402633785
611,5,1,0,0,0,443840.6487937485
2228,2,1,1,0,0,565787.260648662
1183,1,1,1,0,1,415417.49353699014
2771,5,1,1,1,0,877559.4746326079
3076,3,3,0,0,0,867265.3789300352
2048,3,2,0,0,0,705204.8871548377
1513,5,1,1,1,1,726585.2588926414
1394,2,1,1,1,1,522011.49414333235
1212,3,2,0,0,0,478470.9769356621
3674,1,2,0,0,1,861644.4053565387
2826,5,3,1,0,1,953930.2582233577
2779,2,3,0,1,0,789138.3610916386
1637,4,3,0,0,0,695008.4988225438
1005,4,2,1,1,1,671122.0252243921
1055,2,1,1,1,1,419779.4701205494
1737,5,1,0,1,1,785454.1963452809
2466,5,1,1,1,0,934204.9850492066
2230,1,2,1,0,0,613322.1615063638
3673,3,3,1,0,0,1055024.594523855
3477,3,2,1,1,0,1028919.4746444849
3799,1,1,0,1,0,970091.8908453605
3863,1,1,1,0,0,947522.2339088989
2909,5,3,1,0,1,960314.1228674884
3060,5,2,1,0,1,910983.7657185852
1170,2,3,0,0,1,515725.4786062016
1277,5,2,0,0,1,675952.7939103512
2394,4,1,1,0,1,710630.9893129613
3984,4,3,0,1,0,1155961.5474516936
2051,3,1,1,0,1,602962.5075874978
576,5,2,1,0,1,526554.4732729141
1615,4,3,0,0,0,681531.3947357374
1226,2,3,1,0,1,520517.68125679356
656,4,3,1,0,0,486180.1082020861
881,2,1,1,0,1,393513.39761512395
1740,5,3,0,0,0,764862.0400861021
3754,2,1,1,0,0,991770.395385972
983,4,2,1,0,0,515432.0192618758
677,3,1,1,0,1,376562.12596576306
579,5,2,1,0,1,485028.6701657252
1901,1,3,1,0,0,632137.8664129124
3909,1,1,1,1,1,897067.4334863392
574,1,1,1,1,0,287176.3547480147
3989,5,1,0,0,0,1088253.4585992035
2898,2,1,1,1,0,753178.3289948156
1003,5,1,1,1,0,647043.459659669
1501,2,1,1,0,0,530666.1410979863
2249,2,1,0,1,1,704816.9419940073
3215,4,1,1,0,0,996645.5027841439
3042,3,1,0,0,1,901631.8227589317
1956,1,2,1,0,1,531690.2738098128
1599,1,1,0,0,0,487549.3120540402
3645,2,2,0,0,1,929801.7908357265
1909,2,3,1,0,0,719851.6739271834
1746,5,2,0,0,0,726155.5533868549
3148,2,2,1,0,0,847755.6740564799
1031,2,2,1,0,0,494245.72330315947
3595,4,2,0,1,1,1042701.4450300775
3171,2,1,0,0,1,800431.6089393633
2694,4,3,1,0,0,982751.681593547
960,4,2,1,1,0,520548.5671599457
2857,1,2,1,0,1,642652.1983060939
2237,2,1,1,0,0,701758.5365188357
991,5,1,0,0,1,574339.4155076584
1385,3,2,1,1,1,541735.1742578999
2335,5,1,1,0,0,878073.5114057122
847,1,3,0,1,1,423640.18982910924
1710,5,3,1,0,1,757827.7142417008
1173,1,1,1,0,0,343032.7282649685
2148,4,3,0,1,0,850311.8971088094
1630,3,3,1,0,1,642962.7779985114
1325,5,1,1,0,0,541583.425022461
1899,3,3,1,1,0,648812.8868367462
2153,3,2,1,0,1,772708.2107462554
533,3,1,1,0,0,285551.009850092
1303,4,2,1,0,1,599012.7156082281
1079,4,3,0,1,0,666577.4148740994
1421,1,3,0,0,1,498519.54925959866
3431,1,2,1,0,0,828513.8600191707
2974,5,2,0,0,0,946577.2003635931
3255,4,2,0,0,0,983810.1470886577
869,2,3,1,0,1,374307.11840920284
2461,4,3,0,0,1,876265.0908509961
1549,5,1,1,0,1,718965.5773724786
2854,5,2,1,0,0,992303.0196429996
1728,1,3,0,0,1,549363.7931083309
1983,2,2,1,1,0,592940.5670439475
1011,4,3,1,0,1,559785.3791190003
2253,3,1,1,0,1,729268.9761955385
1090,1,3,0,0,1,433278.7074166183
1293,2,2,1,0,1,576127.1422303909
2197,3,1,1,0,1,674187.1938866888
1954,5,2,0,0,0,781162.3921502006
2181,1,1,0,0,0,537105.1230528879
3854,5,2,1,1,1,1055309.7814199459
581,3,2,1,1,0,527788.4469093836
1602,3,1,0,0,0,529231.9717906093
1551,1,2,0,1,0,471313.59366773313
1173,3,2,1,0,0,518528.28452182293
2543,1,3,1,0,0,688291.632945628
3805,1,1,0,0,0,951313.6280400334
3549,2,3,0,0,0,933040.7523614549
3076,3,2,0,1,1,904182.7024205758
2439,5,2,1,0,0,922315.1741298324
2941,4,1,1,0,0,919594.495162789
3855,4,2,1,1,1,1180438.5977576578
1051,2,1,1,0,0,467270.45867134834
587,5,2,1,0,1,570470.6848888695
1176,3,3,1,1,0,603131.4028402785
2168,4,1,0,1,0,730105.693956237
1768,4,3,0,0,1,683285.1658858873
1845,1,3,1,0,1,698248.4437680586
3633,1,1,0,1,0,855355.8308016874
3473,5,3,1,0,0,1101522.1537345496
1637,4,1,1,1,1,628354.7577588852
3650,4,3,1,0,1,1007027.7388882653
3504,1,2,1,0,1,974101.173053316
2141,5,3,0,0,0,833603.6743744202
1291,1,2,0,1,0,351602.858283208
1897,3,3,1,0,0,629282.2592478718
3652,5,1,1,1,0,1104917.3086382365
2688,1,2,0,0,0,730091.0775711938
1394,2,1,1,1,1,564370.6592441057
840,5,3,1,0,0,629106.1123867696
2668,4,2,0,0,1,858484.4158546427
668,2,3,1,0,1,316606.8302050099
2477,5,3,1,0,1,924814.1754682832
3604,4,2,0,1,1,975809.4909943427
3580,1,3,1,0,0,975744.2502408397
3004,3,2,0,0,1,913253.1922608593
585,2,2,1,0,0,383745.27831021126
1366,3,1,1,0,0,510035.5341301275
3215,2,3,0,0,0,851897.5595387999
2578,3,3,1,0,1,810224.8062487277
3376,5,2,1,0,1,1061125.2579138433
669,1,1,1,0,1,251437.33966570458
3988,2,2,1,1,0,1055837.5433539716
1881,5,3,1,1,1,754104.8962859868
3179,4,2,1,0,0,986355.0819534266
2611,1,1,1,0,0,689690.0266662566
3079,4,2,1,0,1,993559.6684808449
2932,4,2,1,0,1,911351.3311865382
3609,3,2,0,0,1,998636.9344195339
2568,5,1,1,0,1,821710.3057483926
544,4,3,1,0,0,439120.9534247519
1013,4,3,0,1,0,529265.586769458
3808,3,1,1,1,0,1052882.4564513087
3755,4,1,0,1,1,1081991.8325838123
1720,4,2,1,1,0,613869.4913244133
3303,5,1,0,1,0,1086110.1562448042
603,1,1,1,0,1,233433.05641089505
1106,5,3,1,0,0,644171.9344112627
649,4,3,1,1,1,602638.216053113
1336,2,1,1,0,0,548342.357514333
3456,3,3,0,1,0,981431.0795525045
3691,3,2,1,0,0,997889.6033389464
1499,3,1,1,1,0,587602.3662633272
959,1,3,1,0,0,379088.19004060415
3491,1,1,0,0,0,742616.1336908574
3309,1,1,0,0,0,883627.1582115189
3849,3,1,0,0,1,955934.3878350772
3669,3,3,0,0,0,988530.0747691648
1394,4,3,1,0,1,679292.2692563739
2533,4,3,0,0,0,837925.6471424095
1632,4,2,0,1,1,741934.9075125153
3864,4,3,0,0,1,1027521.2542661366
3725,4,1,1,0,0,1048743.8780088355
974,3,1,0,1,1,458847.86916421546
1324,2,1,1,0,0,406566.10787492676
2624,5,2,1,0,0,970848.7456917255
3084,5,3,1,0,1,1081232.896890286
1206,2,1,0,0,0,468520.31014035386
2590,3,2,0,0,1,822956.3295976784
2606,2,1,0,0,1,759008.3623782808
3787,5,1,0,1,1,1204017.041184862
3464,1,2,1,0,0,877891.687213232
3743,5,3,1,0,0,1190041.08198417
582,4,3,1,0,0,448240.15478104725
3535,5,2,0,0,1,1108406.0621855035
3356,5,2,0,0,1,976571.987067822
2902,2,1,1,0,0,672227.5630690707
2394,1,1,0,0,1,653125.2845815211
815,5,2,1,1,1,604807.171400358
2135,4,1,1,0,1,695189.0342718298
3129,2,1,1,0,0,873887.7274810339
665,2,3,0,0,1,474205.6881895085
2301,3,2,1,1,1,893072.2857229381
1647,2,3,1,0,1,629447.9149329434
2426,1,3,1,0,1,723589.3207803749
3215,2,3,0,1,0,917441.5096266522
569,4,3,1,0,1,394306.06900319835
896,3,2,0,0,1,477894.20565979043
517,3,1,1,0,1,333364.1172162302
632,1,2,1,0,1,205663.76711949677
2687,2,1,1,0,1,745810.9055415194
805,5,1,1,0,1,543365.7285807242
1352,5,2,0,1,1,686792.91255178
2168,2,1,0,1,1,666426.7392568018
2686,4,1,0,1,0,816115.0937827107
2676,5,1,0,0,0,879744.3592728886
3448,2,2,1,0,1,906571.7678955509
716,5,1,0,0,0,493870.2055879507
2314,1,2,0,0,0,545289.8681936641
3142,3,1,0,0,1,847819.2756005932
861,3,1,1,0,0,439922.1632048537
3162,4,1,0,0,0,954099.4589461139
2294,5,2,1,0,1,888278.3598171008
954,1,3,1,0,0,330747.35602349567
1025,3,2,0,0,1,443682.5051484338
3549,3,3,0,0,1,933441.0828580476
2843,3,1,1,1,1,941033.1118875458
2306,1,1,0,0,0,653704.5338195363
1950,5,2,1,1,0,856574.6581104452
566,2,3,1,0,0,413460.85632356396
1730,2,2,0,1,1,707305.7307998592
1914,4,2,1,0,0,751735.0831810152
2037,5,2,1,1,1,791378.883811707
2814,2,3,1,0,1,856394.9812306036
1175,2,3,0,0,1,459141.0949399183
2330,3,3,1,1,1,814687.2319218189
1514,1,2,0,1,0,501122.53871219
2812,5,1,0,1,0,897223.4461638156
2446,4,2,0,0,1,867720.7802042213
677,5,2,0,0,1,542645.4029624173
839,4,1,0,0,1,424922.7320665393
3498,2,1,1,0,0,925537.4048039124
881,3,3,1,0,0,551674.5442062523
3064,5,2,0,1,0,972516.8731072785
1608,1,1,1,0,1,423599.71049484966
3141,4,2,1,0,0,1026723.4792339536
2442,5,3,1,0,1,991347.6430204489
3486,2,1,0,0,0,869359.2623037844
2513,2,1,0,0,0,623760.7296426432
1839,5,2,1,1,0,843575.1978730467
2337,1,2,1,0,1,637765.6916538203
2180,2,1,1,0,0,711428.3624826772
2073,5,1,1,0,1,726701.2445017593
523,4,3,0,0,1,461497.11732471513
1548,4,3,0,0,1,662988.7887488194
1110,1,2,0,0,0,425524.56453224516
3854,1,2,0,0,0,910243.2646637373
2734,4,3,1,0,1,940806.5059494018
2037,3,1,1,1,0,734959.8462622765
2506,1,1,0,0,0,674168.9296358357
2608,3,2,0,1,0,790814.103955463
1710,3,2,0,1,1,585046.5112169941
897,3,2,1,0,1,447278.5095058765
2004,5,2,1,0,0,802389.3542911673
3393,2,2,0,0,0,924583.4276550867
3190,1,2,1,1,0,748056.1958506221
2886,3,1,0,0,0,840917.5341463144
3094,4,1,1,1,1,1041511.5964309393
1744,2,1,1,0,1,570944.550519339
2351,3,2,0,0,1,767087.294698282
2221,2,1,1,0,1,673333.6344478838
2609,3,3,1,0,1,821700.9698023852
3428,2,1,1,1,0,921582.4862126358
3653,4,2,1,1,1,1117254.0037297083
2958,5,1,0,1,1,922398.407466226
587,5,2,0,1,1,540089.0189817926
1454,1,3,0,0,1,454974.45429208875
3074,4,1,0,0,0,1024242.000230218
531,3,3,1,0,1,364112.03171489574
3383,3,3,0,0,1,1004476.9448766493
3106,1,1,1,1,1,770036.7134360733
3744,2,3,1,0,1,981404.3168408552
3024,3,2,1,0,0,883658.0161267855
1758,3,2,1,0,0,687121.3369855076
1872,4,1,1,0,0,757430.3528012625
1993,2,1,1,0,1,545315.898083567
3122,3,2,0,0,0,951428.9337729013
2673,2,3,0,0,1,767348.1631993534
3143,3,2,1,0,1,871999.1353061593
2119,1,2,0,0,0,602248.457605567
889,5,2,0,0,0,493807.44919600285
3823,5,2,1,0,0,1204656.892543285
3963,2,1,1,0,1,1078495.362293395
1411,3,3,0,1,1,721496.4143453708
2811,2,3,0,0,0,816563.640249253
565,2,3,1,1,1,450548.80760937376
2931,2,2,0,0,1,822470.716378053
2822,2,2,1,1,1,833783.5656391602
540,1,3,1,1,1,345251.3510547924
3779,3,1,0,1,0,1001149.6178979601
2692,3,2,1,0,1,862870.5429113187
3956,2,2,1,0,1,987540.0597721158
699,4,1,1,0,0,437383.07871008036
619,4,1,1,0,0,406727.5975074019
1887,5,3,1,1,0,769254.3660124206
537,4,1,1,0,1,426379.22107903124
2702,4,1,0,1,1,1003631.2003873127
1818,2,1,1,0,0,595081.5746218951
607,3,1,1,0,0,372081.5427743618
2383,2,1,1,1,0,660952.9001452053
3882,2,1,1,0,1,956543.1706752486
1803,5,2,1,0,0,823487.8881225609
2141,2,3,0,1,1,614055.5765472112
619,4,3,0,1,0,490223.85391489574
2312,3,3,1,0,1,843111.4896635591
2854,4,1,0,1,0,899609.6537084512
1347,2,1,1,0,0,473755.9510362926
1947,1,3,0,0,0,534826.1502669535
1606,3,2,1,0,1,680709.4125080637
2841,1,2,0,0,0,719971.080761936
903,1,3,1,0,0,410879.3031965954
658,4,1,0,1,1,376487.17358597217
3416,2,1,0,1,0,947742.8362215096
2778,5,3,0,1,1,1071174.3459838429
2777,4,2,0,0,1,921954.2883198012
2925,4,2,1,0,0,898933.8799829144
976,4,1,0,0,0,489892.2033173243
3543,2,1,0,0,1,911131.7465933582
872,3,3,1,1,1,539224.0725457225
3584,2,2,1,0,0,1018932.4070260236
3961,2,3,0,0,1,1033194.8669367151
1108,2,2,1,0,0,391802.45486821514
3938,2,3,1,1,1,1061442.0926669815
1654,1,2,0,0,1,555209.1647417885
2808,4,2,1,1,1,1002802.3581506762
3603,4,2,1,0,0,962485.7641910189
3715,1,2,1,0,0,902152.9721046305
2656,2,3,0,1,0,859894.2309947542
3780,5,2,0,1,0,1143103.5493190445
875,4,2,0,1,0,646238.1152594435
3365,3,2,1,1,1,967293.32249036
2015,5,3,0,0,0,721076.0150467474
2665,1,1,0,0,1,693892.693157092
2938,1,2,1,1,1,798198.814764218
1691,1,2,1,1,1,584363.0215829551
2124,3,2,1,0,1,711873.1641075462
1437,4,1,0,0,1,604226.340808491
3344,5,1,1,0,1,971990.330928846
3052,3,2,1,0,1,873584.3452882675
2126,3,2,0,0,0,613955.9971662338
1086,3,2,0,0,1,471898.535852925
2963,2,1,1,0,0,735409.2039386295
2341,3,2,0,0,1,780738.2944830745
3164,1,1,1,0,1,914602.4865163149
2367,4,2,0,1,0,831133.8583051255
1867,5,2,0,1,0,773045.8208480878
1283,1,2,1,1,1,455423.5182538146
1396,4,2,1,0,1,678960.3650333035
2890,2,2,0,1,0,880472.7992085653
1694,5,1,1,0,1,762410.7342265333
1103,3,2,1,0,1,542935.3292885941
2031,5,2,0,1,0,782443.3451678436
707,1,2,0,1,0,399406.2576955178
3992,3,1,1,1,0,1066866.3806112986
2366,4,3,1,1,1,877235.4219825565
3030,5,2,1,0,0,1055907.401591135
3764,4,2,1,0,0,1140443.5124055725
3448,4,3,1,0,1,1126367.9254883332
1296,4,3,0,0,1,633569.1305201851
864,4,2,1,1,0,546500.3213247526
1079,3,3,1,1,1,572629.0607475396
3902,5,3,1,0,1,1195534.4808264286
724,5,2,0,0,1,520831.5162186797
985,5,2,1,0,1,601048.6788411426
2227,4,3,1,1,1,814262.8837540684
970,2,3,1,0,1,442480.9574850895
1943,1,1,1,0,1,581765.5980120014
2290,2,3,1,1,1,813243.2256151217
1274,1,2,0,0,1,410077.8187080885
2330,1,1,0,0,0,576891.4669707288
