flood_zone,elevation,year_built,coverage_amount,mitigation_grant,claim
V,25.28195906419416,1997,187259.6738244126,0,0
X,13.391684764311284,2002,365171.0802242475,1,0
V,28.5892548468031,1969,406744.60812112526,0,1
X,19.5238376915321,1976,166654.45721138976,0,0
A,3.4769659595774827,2018,117543.3133671664,1,1
V,26.552789646804023,2012,275834.9501205355,0,0
V,14.677955724923933,1980,409609.63439697487,1,0
V,4.24916903918715,1967,360311.93422965705,0,1
A,4.580704015242621,1971,380752.6881658365,0,1
X,20.626018053296153,1989,261135.73599734736,0,0
X,1.4211752018846935,1991,193978.21810122795,0,0
V,8.597812947414399,1963,312711.5373138438,1,0
X,4.193627714096043,1954,181746.27749967875,0,1
V,13.232322888518528,1986,390491.4787940263,0,1
X,12.43061315983084,2008,178786.5823837908,0,1
A,15.656293040665677,1961,216505.30668573658,1,0
X,8.389089873075907,1979,302617.9113292021,0,1
A,0.9613076813453159,1961,294683.973657398,0,1
V,18.431583196055573,1967,340339.75056281174,0,0
X,11.21154008647054,1994,274977.8401999668,0,1
V,19.540049962201394,1970,467789.3234040365,1,0
X,3.2600091241280538,1969,435973.6376788753,1,1
V,0.4133206588215099,2022,451645.38049465534,0,0
V,7.4488274365587825,1962,351806.628561375,0,1
V,13.696419689821566,1963,354003.16634432256,0,0
A,11.822159225054019,2017,343679.4734863795,0,1
X,24.309076658203992,1990,273953.66176858253,0,0
A,11.335129325784719,1953,228842.40042690505,0,0
A,15.913235388092367,1981,336801.1549795481,0,1
X,17.805467773265768,1991,110212.73485538013,1,0
V,0.6549417493743481,1968,102982.57256952122,0,1
V,15.45400130538567,1990,440656.73051869945,0,0
X,10.344937781965136,1997,118569.61791104887,0,0
X,12.638403830497639,1968,309918.0601333672,0,1
X,3.0086219548575075,2009,345995.10517985804,0,0
A,23.484616969459356,1983,179268.49184897426,0,1
A,28.272127524255676,2020,458292.33530605934,0,0
X,0.6680646188880002,1956,176038.30869935,0,1
A,18.041182884340436,1973,453805.99494666985,1,1
X,22.91532201865074,2002,405196.10773321404,1,0
X,8.544227659496682,2015,196297.18140967758,0,0
V,23.626667545896503,1966,160297.6665104374,0,1
V,18.970651522989037,2021,226493.08407449405,0,1
X,27.8748789681321,1964,259180.2265081099,0,0
V,29.430144340613186,1980,198313.87059956937,1,0
V,1.2703834199611441,1972,499556.6195017693,1,1
X,13.348132830810187,1980,191860.93449583242,0,0
A,16.409633627346548,2015,432253.93079314276,0,1
X,4.402296996229574,2003,163647.0988361891,0,1
A,10.088574912820851,2008,492097.850110379,0,1
A,29.62942343269385,1968,190209.38331323394,1,0
A,0.48691369027414333,2019,268675.4219134369,0,1
V,13.575237945731523,1981,323425.6267071626,0,0
X,25.279638651545884,1997,148114.28606243734,0,0
V,9.717037881578653,2000,426728.0269916405,0,0
V,14.3939550826546,1998,209874.21307233194,0,0
X,29.3413723736394,1993,319707.9606406655,1,0
X,14.246305094271117,1985,319853.52427729877,0,1
A,3.927639364394971,1997,341056.26093031396,0,1
A,1.5516447499917319,2016,122194.39460972587,0,1
X,28.362497173198456,1978,167447.50473262713,0,1
X,7.974282398251971,1987,164476.8971693457,0,1
X,15.121917196936527,1963,220820.50376634073,0,0
V,2.7210529826990584,1975,157965.66274333594,0,1
X,12.709653616518152,2006,468768.52830971585,0,0
X,27.90316557750372,1996,305181.7802045203,1,0
X,15.072389808928152,1965,349430.05908107373,0,0
X,29.134054554069838,1989,242995.27015924832,1,0
A,7.76506911712199,2009,210498.45641356462,0,1
X,15.136357191118115,1959,301270.8680928852,0,0
A,25.785923754279757,1954,217729.18993393343,0,1
X,13.447570636612314,1978,237458.3702919057,0,0
V,8.384621207105688,1997,281100.34970834287,0,1
A,25.66426090253645,1972,302293.4748737422,0,0
A,11.69668406617827,2009,493725.6047127355,0,1
A,15.921698731807023,2011,189329.0352647762,0,1
A,29.295811992454368,1988,295190.46595305885,0,0
X,5.594498842675916,1977,159804.69579573558,1,0
X,9.04201910160557,1953,239999.69308318905,0,0
V,0.9320880020951983,2009,386924.2874825617,1,1
X,11.755131297301581,2015,169784.85750422982,1,0
X,6.005502917545787,1982,332540.52302001725,1,0
V,20.401048062236743,1987,266680.4094272029,0,1
A,5.439643762975571,2005,120631.81776178919,0,1
A,20.24438257217609,2000,473230.0965913778,0,1
A,7.904262845679531,1959,265441.25611715455,0,1
V,10.656535023635993,1999,413570.6143004665,0,1
X,10.465819561391925,2017,266525.3954927201,0,1
A,21.50255250490828,2004,474944.12863151386,0,1
X,13.995277894150291,1985,216188.133771559,0,0
A,10.838966965580493,1988,264892.25987507874,0,1
X,25.578681571183495,1968,403545.6961037145,0,0
X,17.158518769236082,1998,237466.92611234277,1,0
X,6.414924638339934,1967,245742.82853407174,0,0
X,27.00273834431048,1974,497929.26936568937,0,0
X,10.279508881009217,1969,322245.8102761408,0,0
X,1.1693813261196118,1974,375752.18146805925,0,0
A,14.838006719233586,1976,357384.89366144396,0,1
A,3.7181416332263337,1956,431169.6588626289,0,1
V,7.153993311472276,2002,444730.03977669723,0,0
V,22.41332618062233,1982,325302.45298812387,0,1
X,3.9225544012895575,2019,217822.42998655973,0,0
A,24.20832673062107,1963,109120.09902998779,0,1
V,28.10721864392861,1998,345761.3004257281,0,0
V,18.19596301223834,1963,430187.53330624785,0,0
V,21.310775760684876,1989,280215.9222046638,0,0
X,21.40759829722252,1985,165882.45619634574,0,0
A,29.784238718113347,1982,215232.82917425636,0,1
A,10.246147866048686,1997,303995.5718047458,0,0
V,4.885696537281074,2010,434672.48759106663,0,1
X,15.575017047429645,1973,168701.25842736824,1,1
A,15.997494294951247,2012,344859.95028380567,0,1
X,5.337374648884334,1963,401347.44558021816,0,0
X,18.393282569824187,1971,474419.0081339293,0,0
A,0.4237420043047191,1972,146681.47667154376,1,1
V,27.830052073626646,2019,470556.65366582293,1,1
V,7.937228334637849,1958,340587.01406979177,0,1
V,1.1868062517057543,1978,406680.6349729144,0,1
X,3.2474832442457116,1980,121509.88382742218,0,1
X,7.2074684483892515,2008,302459.262256238,0,1
X,8.217185058181357,1985,349051.86963231745,0,0
X,0.9842999849318601,2020,222733.53594913607,0,1
A,8.380644365811875,2004,272660.08324050106,1,0
X,5.788252094804464,2001,321719.2541118392,1,0
A,11.358627823035558,2004,321019.17590919195,0,0
X,11.555032120679076,1961,116744.61016273523,1,1
X,10.170232218086372,1982,275792.70663155697,0,0
A,9.83771650592112,1992,185527.26191689237,0,1
A,2.6919383322375365,1965,466678.0312341399,1,1
X,0.7561484137848651,1958,490631.99604933365,0,1
A,6.063429004693997,1959,219858.75854082764,0,1
V,22.69948282249846,2007,170074.1589004235,0,0
X,29.724292966533664,1997,187801.66037933723,0,0
X,27.855785251719873,1970,291100.9021411815,0,0
X,15.126580666133059,2003,449802.23964527133,0,0
A,15.954715673338027,2000,300014.48597505584,0,1
V,9.437447071075276,2009,122156.82468611906,0,1
X,23.218183159129687,2016,115954.2410852576,0,0
V,22.94270063797946,2014,190956.3782491394,0,1
A,25.32817072747334,1963,437108.5110437715,0,1
X,26.86513731590653,2006,348592.2230140576,0,0
X,13.030477446758873,1978,325183.14151451655,0,1
V,23.006267043215928,1979,227587.83703305683,0,1
X,24.191961863876358,1997,471770.16201847495,0,0
X,9.253788674932505,1993,232471.29798485298,1,0
A,27.877267320184497,1980,433977.7650611787,0,0
X,2.830245079189664,2022,458361.4071903536,0,0
X,29.828075374898486,1962,293334.0052864547,0,0
X,23.102721544766084,1957,457715.70779229706,0,0
A,2.7981271597298174,1952,210721.31495641882,0,1
V,19.68688944315002,2009,363373.37047331035,0,1
V,1.0253823278478047,1979,135185.4994097545,0,1
A,23.105608483325486,1981,289573.6856369575,1,0
X,23.97668764977166,1997,186932.72086333914,0,1
A,18.07230759274343,1981,125105.31117224116,1,1
X,25.705811757497116,1991,101490.20323104829,0,1
A,2.936498406445791,1954,229900.84657632335,1,1
X,8.277715261224397,1961,335812.2378147051,1,0
V,12.425325647780115,2018,282092.13906046294,0,1
V,1.2737385848429483,1982,220707.71940779843,0,1
A,13.446482627134985,1962,496480.01231050043,0,1
V,7.956403683376979,1976,475810.0159918711,0,0
A,11.78205036305259,1974,150261.32273499874,0,1
A,12.753078959769194,1970,266042.9706673979,0,1
X,26.38235200463055,1971,359538.7735974443,1,0
X,8.110229115829172,2003,393396.3190119747,0,0
V,26.81229386148816,1957,246548.86196379614,0,0
V,12.779128944385477,1972,398512.72509413905,0,1
X,9.83423162081958,1984,149660.0051642713,0,0
V,15.075361480054381,1989,232725.05010308189,0,1
A,12.532298590885189,2014,386573.27030236204,0,1
X,7.721169391654382,2017,350273.1161041501,0,1
A,15.080379743882007,1971,434884.085944662,0,1
V,4.554051992364938,1989,118742.80906686203,0,1
A,10.557898290688982,1951,169756.6871292194,0,0
A,16.973706581222718,1995,119397.83290878659,0,0
X,12.402247331695758,1961,176845.68969968453,0,0
V,24.717370831523894,1955,101713.124253174,1,0
V,7.701652846054987,1999,301684.1206715465,1,0
V,29.093147364930303,1963,311325.75822730217,0,1
V,23.54166062554054,1984,363156.71256239794,0,1
V,29.027790779924167,1957,253964.9788804174,0,1
X,25.144096644909123,2004,101283.0762740736,0,0
X,4.26311777554928,2005,369556.46176305483,0,1
V,15.793802719050413,1991,121716.43509916503,0,0
X,5.099355635873572,2011,446468.17232709756,0,1
X,24.54682057881772,1981,109061.59508317495,0,0
A,17.524864475498877,1963,312190.049302653,0,1
V,7.903479430707173,1961,457967.1529542083,0,0
A,27.88796916021514,1966,328995.830315512,0,0
V,3.4555815994278207,1964,343366.69861757196,0,1
A,16.91587210413942,1973,372644.3393349623,0,1
A,21.631216640001764,1965,148963.5390921868,0,1
V,1.7654561199729535,1993,369970.8403242238,0,1
A,17.935680996186107,1960,452141.9528051261,0,1
A,24.477036463892823,1995,489688.33313412656,1,0
X,2.025819432541601,1974,277220.79974333884,0,1
V,15.367289133198813,2000,237801.94067101873,1,0
A,7.756715344462201,1987,401323.8462385268,0,1
X,19.887733546107626,2016,317149.7152381258,0,0
V,3.560321012365347,1982,202921.8617820122,0,1
V,28.111542920115205,1971,168863.1539878812,0,0
X,26.841857451441953,1993,168092.1202370975,0,0
A,5.579232596271275,1998,283670.8146424608,1,1
A,9.697976530953138,1982,168049.76224626004,0,1
A,17.629049239591293,1990,107887.5776045943,0,0
A,21.541870099027513,1984,120835.509987876,0,1
X,13.279680454807746,1972,471953.8175811863,0,0
A,4.688739658829252,1972,129184.5364640543,0,1
X,3.1245448140861476,2016,129272.27623238383,0,1
X,29.992960107430317,1999,280475.37821341294,0,1
X,13.660563643304616,1956,198040.112934013,0,0
A,26.175952474454945,2020,485077.5408689991,0,1
V,14.471280138873434,2001,464394.3357991217,0,1
V,27.670729156380098,1953,261897.29946850683,1,0
V,2.632781483146518,2003,279492.6077665037,0,1
A,3.420575740036529,1993,250045.46123022807,0,0
A,27.88896563172673,2016,115146.44665725129,0,0
V,28.424791351343547,1985,217138.73570188347,0,0
X,9.4415234239609,1987,149069.38784479364,0,0
X,10.654946609816156,1972,140948.1320060491,0,1
X,13.57350704504274,1973,324344.6291745551,0,0
X,12.484850402018724,1995,139505.9430854249,0,0
V,5.7013564787879005,2010,141172.52951810544,0,1
A,26.951261518181237,2015,292205.4859277394,0,1
V,7.599228021169312,2006,276912.9460490555,0,0
A,21.15817228432955,1994,155053.91405294774,0,0
X,2.0146703320491866,1986,101779.6099235452,0,1
X,1.162539945852884,1974,177189.77670713753,0,1
A,19.611914177307618,2006,194356.9016728163,1,0
A,10.170475727197811,1973,420099.377443547,0,1
X,19.66378178160004,1969,466175.340210886,0,1
V,2.820636065064911,2013,262377.75899518793,0,1
X,28.4955413974759,1993,262010.69060039113,0,1
V,22.455434006792863,1975,384992.5135039467,0,1
V,26.288016990773976,2013,350768.8062818756,0,1
X,4.094116621335328,2020,173656.07467736368,0,0
V,9.604829066786081,1973,143075.64891834455,0,1
A,11.050324926190322,1988,275044.7562620203,0,1
A,16.115179449804558,1985,325931.3452651052,1,0
V,8.906054565222428,2001,155483.0412635237,0,1
V,1.8189222656821535,2019,217309.39736337782,0,1
A,11.066351422124121,1990,222377.19857222994,0,1
X,7.636479438818464,2008,204519.2804096656,1,0
X,11.577638743896445,1993,284304.50651671644,0,0
V,5.908786278600787,2014,361225.4337278954,1,0
X,7.856891236942064,1979,303755.953446397,1,0
X,18.808570212968064,1978,180582.62489893768,0,0
X,11.644615037341952,1980,141175.61881895992,0,0
X,10.361501795084763,2022,428748.18515948014,0,1
X,16.017168981671187,1994,291721.8730871143,0,0
V,23.15581622531777,1961,124855.67365355088,0,1
X,11.366038690438717,1952,203248.59985982318,1,0
A,17.62558477667522,1987,421613.51135366195,0,0
A,28.986078761045288,2008,400690.52990942,0,0
V,15.65940342354152,1984,450326.6531589511,0,1
V,27.293927295526334,1990,340835.13040067686,0,0
A,23.810178727692808,2008,269162.373743222,1,1
A,1.7615604495044912,1987,270653.99902178027,0,1
X,12.872966144077706,2016,177600.01779717748,0,0
A,20.949552236057645,1996,360319.58460715273,1,1
V,29.601357373445996,2003,334027.5024371416,1,0
X,13.751288734845378,2007,161945.76457153435,0,1
A,2.7835636238021833,1995,454265.1680181499,0,1
V,16.860275241386034,1953,247387.2813242388,0,1
A,3.796913763718809,1981,119895.5062084274,0,1
A,22.545586808381803,1960,231152.36831191354,0,1
A,15.230309923853335,1987,447942.6858846303,0,0
A,21.702941051318597,1960,466782.6343447138,1,1
A,26.08085480635571,1987,296159.36690385337,0,0
A,18.868440514883314,1975,482535.9760293672,1,1
A,18.373179877595447,1951,450096.7236847904,1,0
A,22.63710886318894,1959,430092.2868396901,0,0
X,25.273650043580023,1986,443884.0258728824,0,0
X,26.07161358831008,1955,252750.16486752938,0,0
X,1.0929058704864991,2012,402587.57630221744,0,0
X,16.68570890393368,2005,330935.6012304597,0,1
X,6.488079293926543,2001,387873.6006961227,0,0
V,25.8103767234535,1962,171114.44303230985,0,1
V,19.451930556100834,2008,392557.5647099768,0,0
A,12.606674370973144,1996,483036.97367766866,0,0
A,5.643126843640539,1978,221065.32895257184,0,0
A,10.170708777594795,1950,494464.5295822508,0,1
A,21.113330836206735,1988,251350.40592214843,0,1
X,6.130786356349164,2008,179889.39880841313,1,0
X,2.8074883601511824,1952,144914.49192009534,1,0
A,26.64086274682653,1953,413984.7653152711,0,0
X,22.926310487403505,1977,321930.1601506274,0,0
X,5.993847919743978,1987,222852.51746481154,0,0
A,8.76934630289975,1984,343380.14791750314,0,1
V,29.16210531392657,1981,232840.4751364019,0,1
A,21.24553460277352,1968,279343.10293138353,0,0
V,18.31566012641474,1954,445065.6503012365,1,1
A,9.22885456272391,1952,367266.5907436659,0,1
V,8.973754324995667,1957,404960.73588188656,0,1
V,1.185708560706914,2000,333397.4205878305,1,1
V,21.85445600705794,2007,496559.2195542484,0,1
V,1.295256751706536,1981,196564.0265163571,0,0
V,0.14572013331837108,1955,204916.46428752592,1,0
X,21.884852635829375,1980,137023.57549533315,0,0
V,28.466212714473762,2021,321607.80082828423,0,0
A,22.695091431819314,1968,345343.69456334715,0,1
X,14.149205718731361,1985,390384.62915952795,1,0
X,14.58135748682619,1989,234178.37037970443,0,0
V,13.08409267947316,1974,104902.72074601088,0,1
X,9.73931001331001,1981,352891.814835328,0,0
X,15.651426425575206,1984,499478.1970081531,0,1
X,12.934528714233451,1984,217819.74151599698,0,1
A,17.94503640122324,2002,173573.7809876079,0,1
A,26.943602415032835,1992,212706.78313054127,0,1
X,29.85028251971431,1953,270166.1899108189,0,0
X,2.362298696487514,1950,200365.17158102588,0,1
A,11.540504179840243,1979,238784.01014701196,0,1
X,5.4211858730042835,2016,355282.695431745,0,0
X,10.56361421776601,1952,238011.19473704588,0,0
X,8.62419055645269,1955,258423.57791346186,0,1
X,5.2361139488036486,1999,116012.50511970557,1,1
X,22.922281602638716,1982,467177.0006491479,1,0
A,14.888662284877075,1966,262754.3839659415,0,0
V,27.577367466516773,1965,231257.40641391772,0,1
V,0.9777732974104347,1998,134593.6784981538,0,1
X,2.0093403939596977,1988,353673.28615807346,0,0
X,12.098207487910322,1996,445529.98010550195,0,0
X,2.4083196121211135,1970,116461.28002096013,1,0
V,7.881887892445006,1988,158108.9869464142,0,1
X,29.580892292298707,2012,158555.93155448293,0,0
V,6.268788224538422,1973,340909.94213911716,1,1
X,5.943532242362721,1978,468492.2010873475,0,0
X,17.20922006387127,1961,275107.34682620387,0,0
A,14.939948723794702,1996,237522.57927754027,0,1
V,17.413148916085344,1952,406336.27423867653,0,1
A,11.3020583462564,1968,397027.62470226054,1,1
X,24.802870796848413,2002,198702.45571088383,0,0
V,4.157416543273885,1951,164330.5449231544,0,1
A,12.85177937524397,2022,243124.01296614253,0,1
X,20.69285545332261,1979,410241.3568906525,1,0
A,26.04709320848699,1979,378025.35596599133,0,1
V,11.087148190702731,1989,366341.4825424821,0,1
A,17.032367972812583,1996,431771.4240652816,0,1
V,2.074198350217845,1983,210852.1249365575,1,1
A,5.109572643354868,2014,235873.49018780404,0,1
V,2.0741448739834345,2020,116935.7802436704,0,1
V,21.836426759955657,1964,447498.3103214134,1,1
X,8.641799061664221,2001,332971.8939688712,0,0
V,21.712358705755133,1971,219248.91675347733,0,0
V,1.9919483712982367,2022,127766.61257974622,0,1
V,25.876434012249764,1968,389363.8012649839,0,1
A,25.065905943332748,1971,399495.00781962444,0,0
X,2.667862291508479,2002,366471.460846009,0,1
A,0.7126951937155956,2007,181512.3883786918,0,1
X,1.6886643894597353,1959,465286.42340344196,0,1
A,25.60890519440202,1990,401263.20760835055,0,1
X,7.041104671556873,1975,363102.5294335881,1,0
X,16.44819953574566,1994,360377.56936871505,0,1
X,12.787326095401703,1990,461743.08003665647,0,1
X,23.865765786858063,2021,471322.8532388495,0,0
V,14.666949044120118,2018,338254.96720409597,0,0
V,15.019825219838092,1997,266667.76438501937,0,1
X,29.672758184997072,1999,245493.5918237665,0,0
X,4.503886702477713,2015,427631.536432289,0,0
V,24.921118162377944,1963,357842.1359337334,0,1
A,1.5524923681165437,2002,130906.41210146146,0,1
A,14.329463087189122,2006,156874.40520601088,1,0
A,26.590044717990708,1959,460074.35804193857,1,0
X,19.95641896812364,2014,453799.25924180035,0,1
X,20.556438580983986,2001,480732.9794789875,0,0
V,7.899518467694566,1975,271140.3869313295,0,1
X,12.557243740843628,1985,413624.36305628286,0,1
X,10.997431904971515,1985,431290.01092572865,1,0
V,15.643296304739827,2017,226278.76233527722,1,1
V,13.866837904310044,2020,158135.08449085688,0,0
A,9.80695055630968,2008,498810.5446556692,1,1
X,9.164418371135103,1997,112087.68150053995,0,1
X,7.525586749653664,1957,338934.36748457723,1,1
A,10.951417406542753,2016,360084.90967268357,0,1
A,4.49824433802182,1959,372715.73678785935,0,1
V,26.163129060107213,1962,202251.0975876359,0,0
X,18.06358175500282,1955,388631.69771954033,1,0
X,4.0135927678156635,2019,186559.82531250623,0,0
V,20.81578002627004,1986,431615.302300673,0,1
X,25.429994039939196,1967,187646.66963385383,0,0
V,7.126070161567767,1955,378682.411630431,0,1
V,4.518017830117918,1980,413365.39433359035,1,1
X,0.25851771401256163,2002,175578.3001848755,0,1
X,1.4175101656945532,2022,195194.59505304112,0,0
V,22.86754044910535,1990,411641.49549374677,0,1
V,29.615589961250816,1994,134399.58865398113,0,1
V,1.346409674288298,2011,176304.38098666567,0,0
A,22.442128772396778,2015,282212.3624759661,0,1
V,2.155864975228802,1970,472072.7714979082,0,1
X,17.763984747110005,2022,324751.1339572042,0,0
A,22.682258472847135,1987,255071.1392832902,0,0
X,10.77613191803213,2017,491348.08888899063,0,0
X,0.3280416333199121,1958,285484.5224885154,0,0
A,17.85568056376278,1957,273493.98947499285,1,0
X,29.737338844200835,2014,264657.7267550894,1,0
V,7.728522685154873,1999,224872.0290427185,0,1
A,5.684738315616475,1962,230277.92389503375,0,0
X,3.7177767826054486,2015,375134.8239717992,1,1
X,16.657668597001685,1957,116334.23893675246,0,0
X,17.8933529808082,1999,372726.6902585276,0,0
V,23.76812511511207,1964,180481.7992503491,0,0
V,22.59219820861529,1955,253683.20128179714,0,1
A,26.776244843852616,2008,158615.5890241328,0,1
V,24.173180950269042,2011,321100.4176289879,0,0
V,7.418012492383333,1957,391740.17798085586,0,1
A,16.67632214627283,1956,241862.23042254586,1,1
V,8.9223587728074,1994,165366.63101610518,0,1
A,9.893561386545073,1952,190602.23277247022,0,1
V,27.958331076899892,2004,427245.16741022904,0,0
X,20.456877152012208,2016,207059.494023941,0,0
X,29.237712397533176,2004,409881.03720449086,0,0
A,12.507376101562336,1966,232479.76272248442,0,1
V,16.123127200619297,1963,175493.02173718502,0,0
A,14.613462597492651,1999,390923.4238509724,0,0
A,3.218611725711807,1954,287418.0117900827,1,1
A,7.1010598357981,1989,112510.90050992256,0,1
V,15.829090818134464,1982,483976.96773775946,1,1
A,2.021229153990187,2004,159101.37802884297,0,1
V,27.943857879266677,1964,241362.79058123656,0,0
X,3.7153104583011243,2005,253917.85399828292,0,0
A,5.939422392507213,2001,295771.95970336534,0,1
A,22.959636718159096,1967,414177.60893366823,0,1
A,2.9080362536794113,1976,102436.1118700507,0,1
X,27.00834298846228,1954,472988.82053442986,0,0
V,21.77102912167607,1982,358395.78408120445,0,0
A,2.058625713265767,1969,480259.5516595742,1,1
V,20.755411838569586,1958,426955.81496659433,0,1
A,18.948856265139533,1990,471135.28723328677,0,1
V,22.72048298219756,1991,340400.2203742712,1,1
V,24.845935574680077,1956,242923.59315086994,1,0
V,21.55051689519465,1963,277165.62524544145,0,1
X,17.585288858129157,1956,363212.9241536452,0,0
V,9.67389955745333,1999,270772.7439065345,0,1
A,20.918209854897874,1974,392669.11338711565,0,0
A,28.709147538923386,1955,136739.20643201182,0,1
A,17.62565341586623,1963,431994.6595939555,0,1
X,19.930346053027616,2021,181675.45585680165,0,1
V,13.113841265994022,1968,477579.043809889,0,1
X,22.683624292292233,1999,162218.31997490715,1,0
V,29.930021770159076,1984,151665.67844095913,1,0
A,4.811679722032083,1963,424750.44423495716,1,0
V,6.0721583851128695,1972,427480.73108120577,0,1
A,16.183132759931684,1951,395503.7679524989,0,1
A,14.441261917849747,2004,484212.18556188187,0,1
V,17.147093535201563,1974,208215.8514741664,0,1
V,1.4722214317281912,1986,430659.495596115,0,1
X,12.128293689913468,1961,240816.21201736835,0,0
A,17.489347861966824,2010,314959.45022773626,0,1
X,17.555740539148882,1965,278240.0118805315,0,0
A,19.720018853051208,1991,102340.0090694429,0,0
V,21.606480870079913,2013,329784.8774156631,0,1
V,19.246416100225698,2002,399002.35510558117,0,0
A,23.70729466168305,1994,169820.9534301085,0,1
A,18.74281904053775,2014,472662.34475721495,1,1
A,16.125229876116133,1962,312159.81576740154,0,1
V,18.185892866634326,2020,171298.4012604374,0,1
X,3.03580100259997,1990,358379.02836675406,1,0
V,8.1946962217656,1979,176769.0834061376,0,1
X,15.821993419743936,1968,125413.33931813456,0,1
X,26.189616462051212,2004,374126.0969676969,0,1
A,20.371546688639793,2021,144277.95332219778,0,1
V,2.7122423541569276,2000,142486.97935057414,0,1
X,17.768248513332132,1952,395977.42527272535,1,0
X,6.652139629112969,1984,122080.89328322846,1,1
X,22.02049679366169,2003,423907.67161918187,0,0
X,24.823225575262416,1979,418459.50345913105,0,0
V,17.8036881776992,2006,156557.3712311064,0,1
A,17.740878292551294,2001,307352.2589107875,0,1
X,10.157743296324421,1954,138650.19638757693,0,0
X,13.387500634839283,1990,353028.4879143949,0,1
X,25.923250614460365,1962,125172.00518821862,1,0
A,21.699609929014695,1985,477792.3425290989,0,1
A,15.592609790875292,1978,183092.29414783267,0,1
A,11.046971587451129,2008,373157.86237945803,0,1
X,1.5113921486566306,2013,151316.56975084404,0,1
X,4.290222039791553,1983,183838.57933071058,0,0
X,5.79075568618112,1989,280379.8595533483,0,1
X,11.201506297760242,1995,329238.4565366065,0,0
X,28.32430941228824,1997,499545.29615667317,1,0
X,15.15460184576246,1996,110370.49123637765,0,1
A,7.045204897776932,2007,100125.76785763478,1,1
X,3.172504123845422,2021,240146.83788597918,0,1
X,10.149165738088922,2010,246462.54712096797,0,1
A,24.471919066531704,1959,453534.8944394527,0,0
X,11.500283802315238,1984,465033.01907892077,0,0
X,23.175174180672403,1983,452209.99054372753,0,0
A,24.081149283806365,1987,157271.50019441912,0,1
X,3.324623090961124,1988,264841.9340724294,0,1
X,18.259792578803513,2002,398354.0649180093,0,1
V,28.772881901133324,1980,225044.42711369658,1,0
X,12.064142247106616,1969,365295.2114042205,1,1
X,1.5283226700906682,1983,194857.14527643682,0,1
X,27.699080707736357,2012,229367.7031843232,0,0
V,26.50998844717449,1972,444171.8597393935,1,0
X,15.664243416270054,1951,200203.61443559802,0,0
X,16.56759361032029,2021,485729.63475394517,0,0
X,6.352233083283747,1964,222503.8243747388,0,0
X,24.58352266633912,1994,109411.24392931093,0,1
X,14.958001151763792,2008,201960.3615210282,0,0
V,1.0163338542766953,1970,168481.9768973703,0,1
V,20.490448693469933,1974,302730.7864870199,0,0
V,28.514888094081183,1970,145086.426531144,0,0
X,24.87451471037251,1960,350419.55089816387,0,0
X,8.315944206316194,1961,449959.6282225979,0,0
V,1.5997525480002195,1963,245007.55272149428,0,1
X,28.210542376145415,1983,167397.08772216178,1,0
V,28.11188174639104,1988,260009.9983137652,1,0
X,15.97245959138608,1951,414386.7285802508,0,1
A,19.269522350146055,2011,336595.06963183824,0,1
A,13.878001821324249,1999,140457.28533104126,0,1
V,12.59296101296276,1955,314874.86173081334,0,1
A,3.5834530778610105,2011,287234.15258223726,0,1
A,2.9025869508328803,1952,230844.90240846458,0,1
X,6.981964400285624,1990,144064.23842132933,0,0
A,25.099222392196328,1983,492444.77424810996,0,0
X,4.3749690220704,1986,170417.32795730224,1,1
V,6.800959557441322,2019,177097.15631629818,0,1
A,16.458421779666224,2017,158233.07684089435,0,1
V,6.453936542348232,1970,328077.2154795752,0,1
V,4.896200541533613,1992,277467.82979308016,0,0
X,16.89948725093887,2020,199822.8728106224,0,0
A,11.042798129898465,2003,271769.35320861125,0,1
X,18.784778575214077,2014,369408.74042468716,0,0
A,27.36616021226029,1981,212680.21259945206,0,1
X,4.529793943052029,1970,466098.31041215215,0,1
V,27.403009794391917,1987,222538.4948710823,0,1
V,27.07469902268756,2009,179271.6123291413,0,1
V,24.872627500077083,2017,481827.1387491258,0,0
X,18.938577519182555,2000,424224.2440472717,0,0
X,18.604399723966424,2001,237255.0499373862,0,0
V,19.17637979809505,1987,436572.7404575504,0,0
X,20.714866536534394,1973,307525.69966152,0,1
X,0.49446601788471045,1980,238700.99930442512,0,0
A,28.742777374819493,1986,435844.63581568573,0,0
A,17.568112843967395,2009,400866.0267457762,1,1
X,23.44397518207265,1990,219149.93705724232,0,1
A,11.318455171840894,2007,342671.4061031895,1,1
A,0.3719164174738787,1951,247756.0894079189,0,1
V,15.292039796293318,2005,100420.78902415525,0,1
V,15.215703579477868,1987,484726.29656011175,1,1
X,13.109678649343554,2022,319851.6304291347,0,1
V,10.191511624862303,1984,339373.04066631326,0,1
V,7.494782634291662,1984,339956.57027091796,1,0
A,15.826346234915484,1959,320256.5843277611,0,1
X,11.258344190804824,2008,216019.13790943738,0,0
X,29.097956491494262,2001,488630.4499632225,0,0
A,5.187819233007943,2012,348667.365006114,0,1
V,9.589967028812609,1956,368368.54422158457,0,1
X,8.81881412773713,1965,281917.10292681993,0,0
X,16.29927528707871,2014,215144.56019631302,1,1
A,14.978407709224438,1953,125739.59286997173,0,1
A,19.312213962728194,1987,240092.0786271545,0,1
V,28.500053117226237,1979,170438.97170735686,0,1
A,8.556632564816022,2018,364835.3073028047,0,1
A,20.783147077649893,2012,451601.55392108776,1,0
A,0.7512060901555084,2015,221101.9432982609,0,1
X,7.8716541820087365,1971,233153.05016561862,0,1
X,13.911591839897783,1992,368145.80153160467,1,0
X,0.9298436544340338,2001,159708.57369649454,1,0
A,18.530083816609167,2020,471774.97067107965,1,0
A,20.349318252051248,1950,245538.71241019323,0,1
V,22.4019514451414,2021,140479.77837070986,0,1
X,15.497235145290368,1975,169873.6019682566,0,0
X,18.1183399493588,1959,473098.4304029832,0,0
X,11.881957538354618,1994,198847.71534760797,1,0
V,1.237590975196876,2007,364907.52153251454,0,1
A,2.9985556732353915,1959,162466.08941530605,0,1
X,19.649877726043925,1952,177640.6769395111,1,0
X,29.866658987573288,2015,451695.287559991,1,0
X,0.47409717489888537,2018,159213.28804102473,0,0
V,16.727504904791484,1961,107500.23469451166,1,1
X,22.530262586476734,2015,300493.2758105105,0,0
V,24.80324484041636,2016,445090.72530517384,0,0
V,16.356147036679204,2022,230396.41816624987,0,1
X,18.597479405523153,1965,151264.9082582842,1,0
V,20.901748358236603,1992,492892.33182625513,1,0
X,25.768987490802918,2022,370695.4517957653,0,0
V,3.66868611608456,2015,440276.25277926255,0,1
X,27.785465888245902,1994,400855.3089315695,0,0
X,0.7805221065471002,1964,379296.90959567606,0,1
X,25.08599252873326,1956,253825.62685236812,1,0
A,2.3022127967909176,1968,229735.99728145576,0,1
X,5.838846348147668,1954,386783.43835778965,0,1
V,0.11682439143397838,1964,386685.2032708921,0,1
X,13.35770116608122,1955,480235.3536196373,0,1
A,10.030776801521768,2005,327463.9271393289,0,1
X,4.97978734461082,1993,217848.4423150694,1,0
A,13.53270482411719,1987,295811.519732191,0,1
A,12.071126495165515,2009,345485.52669036767,0,1
V,23.029830980962245,1979,270691.919830765,0,0
X,26.793909182100972,1979,416453.2493438193,1,0
X,19.577017553012457,1965,333845.2848863351,1,1
X,3.732311661795716,1982,103774.29105106022,1,0
A,8.861723841295518,1962,327935.95529280335,0,1
A,27.399548904968395,1993,353441.5143767444,1,0
V,2.6620347902366746,2022,466104.5006176283,0,1
X,12.205675181724795,1988,265488.6694656754,0,0
V,28.275138577004437,1971,329787.0637085433,0,0
X,28.51994524408457,2000,289998.98028574954,0,0
X,12.336095311466773,2009,312662.57138755417,1,0
V,20.02190664296392,1984,126921.62826759859,1,0
V,13.70236795061997,1968,458913.4670132406,0,0
V,22.603816183090252,2002,464164.93593265023,0,1
V,0.9474399207899553,1963,319223.8439370531,1,1
V,4.324714467640753,2022,322622.2062883782,1,0
V,18.425964106307976,1973,123022.41437758181,0,1
A,6.976567873291907,1975,339180.2052479027,0,1
V,19.981568978074456,2003,271660.71595166496,0,0
X,10.53668782383895,1950,383617.4520937749,1,0
X,26.599366743834644,1964,118849.96663822896,0,1
X,24.577781566799594,1959,384355.0730917959,0,0
V,14.785134002063465,1978,214757.52953292555,0,1
V,23.186852612845733,1990,360682.13218124316,0,1
A,8.134136587052712,1963,350850.39012484916,0,1
V,14.827793304355879,1975,190736.593852893,1,0
V,5.924461555898345,2006,276180.9380865067,0,1
X,25.826585055629817,2018,434253.30362132983,0,0
A,24.692028497052448,1951,342236.65743790957,0,1
A,27.06449005227004,1995,127495.32079136459,1,1
V,26.324309436727784,1951,277163.53252833185,0,1
X,28.787887861784842,1987,224708.5835111668,0,0
V,6.850086948957779,2014,356658.2715646531,0,0
X,27.954728723859464,2008,345825.5765181043,0,0
V,17.13639574055993,1966,104159.24060405622,0,0
X,12.674852517544565,1968,343078.2037673852,0,1
V,16.81121687903619,2007,393939.8615939747,1,0
A,10.278070699508335,2009,407492.0129606302,1,1
X,8.656590208828563,1970,123590.30815598446,0,1
V,7.239430139325863,1950,221463.3668439476,1,0
V,2.4728396837138042,1982,268509.42422060954,0,1
V,14.896946914415622,1995,171908.6831179647,0,0
A,26.632850271416622,1982,268293.54846600397,1,0
X,18.90455907823154,2018,128451.81433023693,0,0
A,15.629268982673207,2009,145286.91320282064,0,1
A,12.857787547527495,2007,367477.9051373678,0,1
X,13.932048789515758,1951,205028.98446406197,0,0
V,6.278320427158528,2012,384562.33899182896,1,0
V,24.688076315792916,2005,119243.4112066672,0,0
V,5.951488898445842,1978,325081.22121740115,0,1
V,21.49868270181939,1993,256579.4654347361,0,0
V,22.79955034488458,2010,418788.55676618614,1,0
A,17.24607126083203,2016,413580.63208222477,0,0
A,25.887791248644856,1990,250223.85698300326,0,1
X,8.7315105735195,1953,349085.6056350857,0,1
V,26.4485166372859,1995,191019.54752779525,0,1
A,21.882313787979125,1999,332162.7344721681,0,1
X,23.962494832852823,1954,132505.877579009,0,0
X,19.937391285819423,2009,273841.71364744403,0,0
A,25.39029050969908,1964,173091.07261524367,0,1
X,29.792965881529078,2015,453352.4728366091,1,0
V,12.604885635739159,1990,277960.3271867327,0,0
X,24.41747051128711,1973,336309.49945501395,0,0
A,22.337392785541006,1954,244152.74413200415,0,1
V,13.58610497136054,1951,215496.41409592115,0,0
X,27.80846999197536,2004,181167.9132246134,0,1
V,11.83277788717784,1977,464748.6330668079,0,1
A,16.963977488287128,2011,419786.31297078106,0,1
X,3.1782707097288467,1966,153304.45777241234,0,1
X,6.773255821987987,2017,398689.9505167193,0,0
A,25.22088511601282,2018,267412.3108146613,0,1
V,11.89658168486542,1957,106158.66198422795,1,1
A,11.822522682457745,1997,311346.9281504888,0,1
A,7.379430545718607,2018,152018.57603394645,1,0
X,14.748310028923632,1973,183973.72523743787,0,0
V,24.174508840518673,1954,378416.3845696372,0,0
V,26.854923533212187,2013,202856.81485647842,0,0
V,2.1034329613255167,1984,456755.28073672665,0,0
A,17.244621937203462,1951,362867.90336966794,0,0
X,14.018201036770035,2011,432913.3939643236,0,1
A,18.428455514147352,1999,346075.8153320736,1,1
X,13.418270607248074,1955,447539.8364088063,0,1
V,11.959344625602453,1968,244673.87000886007,1,1
V,14.156421372884681,1951,319656.2307542319,0,1
X,17.459973862692422,2019,306356.1601777334,0,0
X,15.029496330953304,1951,461516.2832311882,0,0
V,14.164333530619386,2008,165966.1634434454,0,1
X,24.53505929874242,1987,331224.305274677,1,0
A,22.369439737135732,1992,401772.4776907921,1,0
X,10.241354825435785,2009,248019.90421346415,1,0
A,24.017313525459613,2015,447032.60984639055,1,1
A,25.609520070135005,1959,249205.90683109363,0,1
A,4.604766161225715,1951,169323.50395836643,0,0
X,17.480473851922763,1959,333619.3421620127,1,0
X,8.559359807976413,1999,268227.204014925,0,0
X,22.175169657801675,1991,106076.04187280181,1,0
X,7.163559880760497,1956,127935.4369974013,0,1
V,20.142105725190955,1967,178110.872082636,0,0
V,7.653739681729017,1989,407731.9838072609,0,1
X,15.334312902898295,2003,456815.80641349935,0,0
A,28.459394037485765,1975,318256.34960568894,0,1
V,11.439226153693035,2019,142226.1850056494,0,1
A,26.27215457889623,2022,313767.5808967384,0,0
X,29.608337436116837,2005,442242.184238778,0,0
V,26.2455254641549,1983,399791.0516490358,0,0
X,4.975980891700286,2014,216439.26547895,0,0
V,24.58974658605489,2003,149556.24371534312,0,1
X,0.9644818530168375,1987,460272.6799048972,1,0
X,11.799056510979236,1982,441635.4986528844,0,0
A,26.122001199535916,2010,121486.14605809032,0,1
A,20.662566382797596,1990,429469.7959298257,0,1
X,15.982212820136342,1963,138885.0551139758,0,0
A,11.635920752478615,2022,125313.4533608148,0,0
V,24.36890839410858,1954,403440.35885850375,0,1
A,21.28675211844663,2000,314524.2487699832,0,1
X,14.0521595884702,1997,265819.2096361276,0,0
V,26.774530116289796,1992,461544.87839040876,0,0
V,6.898440534558972,1953,435721.4288271015,0,0
X,5.111745274758746,1985,123049.38861882265,0,1
X,19.284112930007446,2015,346434.89677646896,0,0
V,29.15983028105311,1967,408906.9612829833,0,0
X,7.4176971992031095,2000,320196.2319099808,0,0
V,7.490111368014794,2012,493202.1996304753,0,0
V,4.184965438865698,2019,374419.00185901934,0,0
V,25.816906658208964,1987,141657.2050788101,0,1
A,6.791926212340023,1972,179319.20479998138,0,1
X,15.095355801746635,2001,430498.2484797848,0,0
A,29.726174340066137,1985,498702.66925772,1,0
X,0.3642270276613069,1995,139335.70674895588,0,1
V,16.694582715323822,2004,140131.72713801934,0,1
X,15.368671281148373,2001,405354.8216573134,0,1
X,24.223421292304643,1967,125741.71268661582,1,1
A,10.658446186583308,2005,127424.04642593898,0,1
V,12.310240766971246,1989,455526.593203865,0,1
A,5.03813941796591,2017,420179.92492738034,1,1
A,22.2244569490736,1998,452625.2799457529,0,0
A,23.541267275644447,2015,360205.3608531015,0,1
A,4.099899623364908,2021,229014.56877554336,0,1
X,11.803712219649652,2022,462525.27613311645,0,0
X,26.78714986088049,2004,219489.4099897727,0,1
X,0.08121821027361475,1993,210204.33578193974,0,0
A,8.962772118678968,1958,454560.1676771085,0,1
A,16.651268551576432,1978,372329.03699728317,0,0
X,10.0228157897986,1984,458268.8338836971,0,0
A,8.161355675330082,2006,162360.51570158894,1,1
X,13.801124547096379,1992,480918.71910625254,0,0
A,5.445693243290812,1982,345096.8626801308,0,1
X,15.888757228784515,1960,367214.017637371,0,0
X,21.200877639396776,2002,465624.23213058064,0,0
X,17.258848578855066,1981,252301.18987785146,0,0
A,2.793279925755927,1952,387829.99787834485,0,1
A,25.332258424967197,1970,356136.24844979355,0,1
V,5.249335124624645,2014,415101.0875463841,1,0
A,22.94436001833386,1958,458777.1167333229,1,1
X,10.816953323275513,1979,372024.34217203787,0,1
X,23.48284044168307,1987,127055.82180122574,0,1
X,6.188187102160373,1956,173256.1383399121,0,1
X,5.599863110862894,1962,481591.2729068336,0,1
V,14.910775386524467,2018,487460.18935089046,0,0
V,0.9880804409508148,1993,486965.325479345,1,1
A,6.758920163470002,1965,114719.76016004718,1,0
X,21.72036756553045,1962,252979.2671797673,0,1
A,25.121504349162763,1981,403869.0815951984,1,0
X,2.423560918134313,2002,401154.32146313234,1,0
X,26.462331283143133,2003,134363.5619799834,0,0
A,23.925516121595372,1964,343795.5548358076,1,0
X,26.09052887120896,2002,157147.847416343,0,0
V,20.952856637365198,2015,297283.7331471173,0,1
A,20.224592018818942,1966,195874.2803364486,0,1
X,15.752797000345915,1951,121264.46869389107,0,0
V,19.58361673473945,2019,132007.77021064382,0,0
A,27.573289936998155,1988,464357.17989196326,1,0
A,3.0156600425012527,2006,397858.38568061363,0,1
A,9.472934335382735,1973,472729.5927091802,0,1
V,2.1736492078761547,1971,287995.9729334211,0,1
A,28.344155158321154,1966,265316.9995811217,0,1
A,13.35796397998164,1965,243362.91700083824,0,1
A,20.260334120285652,1984,346522.838420836,0,1
A,25.23360193512964,1957,240623.75478853344,1,1
X,29.730007442294657,2011,398509.2935928025,0,0
A,4.853473733767972,1987,420526.93048634485,0,1
X,23.98537817154686,2016,450337.8373717524,0,0
X,26.622686944102092,1986,197120.3720981109,0,0
V,1.4662613055262685,1972,310808.8197169502,1,1
A,22.6227168055672,1987,189377.84669193556,0,0
V,10.64175963589651,1961,115022.32936813646,0,1
X,19.45790374411296,2010,383130.12166793505,0,0
A,15.421445881165942,2002,319592.50957404985,1,0
V,7.792267562599108,1960,389570.91182123346,0,1
V,4.056640860119582,1992,135049.16456261484,0,0
A,3.5084169926762487,1989,498210.4716247768,0,1
V,3.099685731254751,1964,497739.4267788128,0,1
X,19.133701204037333,1958,285999.9302014051,0,0
X,10.542325541986143,2005,446423.4860735344,0,0
V,6.4990031461761735,1969,197427.42232222273,0,1
X,20.756552781177092,1987,395026.4644893188,1,0
V,20.605486972994004,1968,451690.3427254263,0,1
X,16.17504877070993,1997,425866.50643231143,1,0
V,28.048734505975528,1953,424709.63129646296,0,1
X,11.562426943242638,1976,285210.65283554606,0,1
A,25.07588913807879,1989,427995.9791115091,0,1
X,2.2541822379658893,1982,376281.9252085202,0,0
X,22.194932821155135,1994,152980.55925768174,0,0
A,29.6534224149579,1963,145673.76162580805,0,1
A,25.397946488634506,1982,408768.8543738559,0,1
X,17.38994157930178,2005,350185.63550916954,0,0
A,18.80298192981482,1974,307750.44687655097,0,1
A,10.598686483108404,1961,462904.7163395313,1,1
V,20.384556547743117,2011,363836.1427484874,0,1
V,23.11186149543981,2006,258458.69803532006,0,1
V,29.946854433535616,1999,265572.72327047354,0,0
X,14.77388751001299,2008,342097.744327034,1,0
V,1.8391219732032682,2006,404110.1138745394,0,1
X,17.875738521929556,2004,325741.32277964964,0,1
A,3.570724499465058,1987,303504.3528876719,0,1
A,7.342951306683302,1951,390760.2810616727,0,0
X,9.863397339172117,1993,382105.81996281457,0,1
A,21.93089619445232,1969,432138.7362454244,0,1
X,5.514243716355017,2006,125020.71451091777,1,0
V,4.972588405270576,1984,401980.85283279157,0,1
A,1.348927274964824,2016,305504.180380676,0,1
A,26.197198090616425,1993,129877.24801326075,0,1
V,20.80516273068182,1990,371604.0112678079,0,0
X,1.1983939685287948,2017,386616.0776007771,0,0
A,0.8487691691434374,1984,309450.8678178738,0,0
V,16.760228894251682,1977,417519.5910599051,0,1
V,8.476032038601332,1977,220099.2434517206,0,1
X,17.901790512957863,2013,180762.88741257443,0,0
X,13.03812527042896,2005,240293.58069731138,1,0
A,27.69937686930764,1961,264020.205318391,0,0
A,8.634270448841036,1985,378373.44096086756,0,1
X,20.374361053166805,1977,438207.97515129106,0,1
A,1.6216293485579758,1997,388367.2760314706,0,1
X,28.67581602566776,1953,169595.02362784062,0,0
V,29.422724037250564,2002,246486.83392010294,1,0
A,22.17223887049237,2004,163365.4853791112,0,1
X,13.956374146907194,1966,374689.67982322053,0,1
A,6.59980317981784,1960,199268.75128675764,0,1
V,24.37549020743894,1995,310154.7731407387,1,0
A,22.09062291441067,1968,416731.93727787375,0,1
X,6.658621186828472,2018,368375.70996864606,1,0
X,13.53645882471797,2006,219349.5962660531,0,0
X,13.88396813450355,2019,233146.70024653635,0,1
X,24.792316499181275,1989,361345.7146412127,0,0
V,20.515340530022296,2018,319787.09973597765,0,0
X,19.295026306201652,1951,138557.39498801774,0,0
V,19.49482267689835,1971,449596.63570941845,0,1
V,8.114102381474368,1950,305045.29922145145,0,1
X,11.15133779488602,1999,289344.40527898615,0,1
X,1.3698685631011842,1987,179375.7346529049,0,1
A,23.608234074363715,1970,250797.52758821493,1,1
V,12.989946455094415,1972,233129.94492603964,0,1
X,13.147150712627205,1996,208294.27313177072,0,0
X,7.360687948008802,1963,326962.6298587093,0,1
A,6.282818443782867,1987,284910.1441121128,0,1
V,17.634657887070876,1994,455679.07412586693,0,1
X,6.976590456110273,1967,476537.59081886435,0,1
X,1.9262655469639323,1966,187789.37169123633,0,0
A,23.02522247942695,1975,140042.17150688422,0,1
V,11.294083032190978,1993,414135.0205950998,0,1
A,11.407067516979133,1968,497944.5614554436,0,1
A,12.93954844547374,1977,445440.02794166165,1,0
V,24.451344702242814,1989,109478.96084749389,0,1
V,9.625106878194513,1963,200505.42028258642,0,1
A,22.74108633773508,1991,117336.91081650557,0,1
X,28.186345223386297,1960,428311.75081646664,0,0
V,19.826045877743983,1960,332562.79051692656,0,0
V,12.95043243531074,1967,305487.41646682157,0,1
X,22.43369169439994,1970,321779.952798611,1,0
X,13.736921092541564,1952,200980.50347863644,0,0
V,12.432818133244224,2020,340655.3476555451,0,1
V,15.758494907180497,1972,112266.791385612,0,1
V,9.531670044278814,2008,358404.6895883358,0,1
X,3.127506488400036,2015,393773.53207153233,0,1
A,12.445560165784956,2008,369210.5054847309,0,1
V,3.715706433879058,2010,232847.0073248881,0,1
V,12.3132442066634,1957,430505.16605101706,0,1
V,16.70801163640351,1977,386217.5988469928,0,0
A,27.921335436169404,2004,151318.92916971113,0,1
A,1.0866699313591077,1992,178057.688215326,0,0
V,18.643752195058326,1950,354843.3652712954,0,1
A,13.732055599502319,1991,215766.45342241047,0,0
V,0.607833846124175,2008,147773.17657849478,0,1
X,7.486445278161611,2010,161987.59725995688,0,0
V,3.5545575706440466,1978,166246.87221616026,0,1
V,6.503824371943342,1967,291116.3627273529,0,1
X,8.237107303827546,1972,342954.181371799,0,1
X,12.039190061465888,1971,170560.90994176597,0,1
X,15.871181804666708,1975,384998.64414528845,1,0
X,0.02969981779158304,1972,212405.0430006114,1,0
X,4.856080818862224,1983,224623.25535758433,0,0
X,2.806991568264021,1952,189399.44842964303,0,0
V,16.49020197788231,1970,414082.4543772764,0,1
X,9.872246112038095,1972,483925.5331747508,0,0
A,16.45193208104154,1961,296999.93947123707,0,1
X,6.654699065240335,2014,116812.25657279688,0,1
X,0.7268806226275459,1999,204227.72657019034,0,1
A,28.241007038107405,2016,163220.11644753843,0,0
A,3.2492436356698207,1990,437104.91394080716,0,1
X,3.805762438851504,1958,133941.59497328207,0,1
X,4.396404795304215,2016,486590.49627535354,0,1
V,29.43829571979818,1983,335405.51064985036,1,0
A,18.529807205099882,1999,307095.91482966533,0,1
A,18.30869855111552,1977,438940.24896767474,0,0
V,29.600946045555887,1986,111019.04851658246,0,1
V,2.6531630782396434,1985,410861.0997628039,0,0
A,29.235026776268672,1970,146641.61822740664,0,0
A,6.1203943966212275,1990,436311.23957617284,0,1
A,18.692145106861062,2003,311670.4876951447,1,0
X,12.602506959083751,1951,124451.76094403671,0,1
X,11.518554404315346,1959,433298.01552052976,0,0
A,27.937299854383877,2011,110925.64682850066,0,1
A,4.476831853207694,1991,155348.2771574414,1,0
X,29.912070332287307,2021,419129.8095306516,0,0
V,11.373751832746455,1994,285948.4495431564,1,1
X,19.463247116656632,1997,452555.4817419335,0,0
X,29.037201944500804,2015,354171.7091164334,0,0
A,1.7280315113692435,1998,349411.5017481632,1,0
A,27.685930887755717,1974,216894.04245280597,0,1
A,17.0343415606303,1988,153472.20942069343,0,0
V,21.13190636932357,1967,484468.95635867305,1,0
V,4.475525516590451,1974,141919.07565735807,0,1
V,16.001622924930967,1999,311604.24002942705,0,0
V,20.20541144175731,1960,209027.4363339121,1,0
V,13.687419221630455,1999,205656.2654325819,1,0
V,4.649555343181701,1992,337834.48772112525,1,1
A,7.323572252567299,1972,419173.64687154756,1,1
A,25.631783729804955,1953,410871.7931325115,0,1
X,1.0341297849828834,2001,447520.6756774214,1,0
X,21.26586235322437,2010,217161.09516494683,0,1
A,29.981701095435806,2003,286300.5526860295,0,1
V,0.22448988320299845,1980,103733.82928800998,0,1
X,4.831370484598198,1997,398743.0492545462,1,0
X,20.224329026794035,1980,220937.24485691322,0,0
A,1.7997250375604479,1976,324597.4133080746,1,1
A,17.693699515675767,1973,167720.11280778027,0,0
A,20.520003106831684,1965,427759.8028537314,0,1
V,17.644390443422104,2020,426908.8877113111,0,1
X,10.955541090632016,1998,450981.1659011822,0,1
V,20.918468879599168,1962,118374.79884268914,0,1
A,17.828832840414613,2013,496983.4839100055,0,1
X,6.2291151628175925,1961,199111.7657758778,0,1
X,16.89406630755329,1993,223773.4744189398,0,0
V,26.457216514167825,1962,199734.29167617846,0,1
V,20.0049985707135,1976,207013.07934661297,0,0
A,14.153745221815413,1998,321064.5424414587,0,1
V,9.647523086083535,2022,195924.21772151184,0,1
A,2.5765862831271855,2022,257508.52456016192,0,1
V,7.338813982770861,2015,362242.6329772861,0,0
A,0.33560259260630665,1967,434410.48143109074,0,1
A,29.598777525748933,1956,377096.60010675184,0,0
V,6.674467563862199,2016,337729.1379149293,0,1
A,24.44627828056118,2017,159091.42501642747,0,0
X,5.059346454149358,1970,426446.24061651307,0,1
X,8.508034488167217,1951,114909.95519721547,0,0
A,12.548319576851002,1997,205676.66529412084,0,1
V,9.732169924248153,1955,122823.56677278448,1,0
V,23.950524382795834,1952,366971.59023378504,0,1
V,28.730802240462694,2018,247348.4330374058,0,1
X,26.258834509525457,1986,360819.39328194666,1,0
X,4.607336008432696,1958,238812.3837214361,0,0
A,23.30066029047871,1997,282296.2923197977,0,0
A,4.438407399141343,1976,283184.4040664723,1,0
A,27.401433196863042,1989,118232.26146701784,0,1
V,15.536357270057353,2015,272090.6105384014,1,1
V,10.091432641701202,1967,356425.74524608103,0,1
V,4.710764920025784,1997,318420.8984301735,0,1
X,0.35427264537013836,2010,130113.5065113149,0,0
X,7.438409749826542,1980,367222.39427469956,0,0
X,27.420601898439358,2020,223545.10196610438,1,0
X,23.917865768166823,1982,105773.92111160884,0,0
X,29.093811232521585,1983,162238.2228336981,0,0
A,3.0228456336411913,2014,299023.8629266238,0,1
A,17.765362305170083,1996,224160.66361202748,0,0
V,7.714514220923299,2013,377753.2055014203,0,1
X,16.288251173172224,2007,196261.39022630578,1,0
V,9.613646566903654,2002,409118.46739006747,0,1
A,8.503966507300726,1967,214590.87255759197,1,1
X,17.215359060737924,1979,348345.4830337663,0,0
A,5.499544856086209,2013,419686.55210047204,0,1
A,14.074003109163506,1994,254222.45145749956,0,1
A,19.524367951321043,1970,118721.97672618818,0,1
A,3.8454621954841217,1973,314178.20842355234,0,0
V,27.91782812630712,2006,498163.6246178001,0,1
X,15.171740983623744,1963,487596.7465507654,0,0
X,24.585839156530266,1958,188408.8775776673,1,0
X,19.617162918631898,2005,402278.603769701,1,0
X,21.300028236676365,1971,237980.73272802637,1,0
X,21.483928229785143,2005,164108.9920732366,1,0
A,26.25299691184418,1988,366365.8802409973,0,1
V,18.408163051407723,2022,300347.4918107076,0,1
V,8.346514551641688,1988,315692.2230622709,1,1
V,2.985289285963715,2013,430957.0648942034,1,0
X,18.187518583504243,2012,234617.47035496923,1,0
A,1.9905841131174318,1965,366837.9038222652,0,1
V,7.2388035506859065,2022,246476.5867850501,0,0
X,1.8212155380573514,2004,117089.55863217168,1,1
A,16.466627670197013,1957,251206.04293453955,1,0
X,4.810143748286041,1950,480013.78528165387,0,0
V,18.312219583004197,1969,293304.9928353668,1,0
X,23.72595392589803,1951,143292.17473474727,0,0
V,24.65642162315587,1976,375130.7317504903,1,0
V,9.286305244128823,2022,485351.7398874085,0,1
A,16.46863598083488,1984,463178.09861770284,1,1
V,16.89032280259077,1951,328784.3351232555,0,1
X,14.186615464624998,1986,250512.2977394125,0,0
X,19.653416742742944,1965,332271.0674036961,0,0
A,6.302613714706007,2012,426372.42487969977,0,1
V,29.37729718760383,1956,444494.9368073817,0,1
A,2.942394812727973,2006,427537.5539769765,1,1
A,24.876634236093576,1982,282190.55137669505,0,0
X,17.822879608535633,1951,147543.195828092,1,0
A,7.3456424158114775,1999,327669.37069551053,0,1
A,22.370250019808992,1983,162571.53121334608,0,1
X,2.5344268703121586,2006,124383.3335591424,0,0
X,23.232535033463492,1995,299467.13337154436,0,0
V,17.699556667290405,2007,362149.3800186512,0,1
X,3.3225095518920478,1983,441658.9225625572,1,1
V,2.3851668927711067,1950,413134.22158172145,1,1
X,22.525090003093876,1959,442896.2051026193,0,0
X,8.788077195115115,1983,404027.5083283562,1,0
X,26.679055523016405,1979,381295.7587624557,0,0
X,22.862190630905282,2007,104055.02765627985,0,0
V,20.94570734153148,1980,350440.9247236842,0,1
X,8.358181579003528,2012,148192.72165564707,0,1
A,21.26833557064854,1963,123466.85293301643,0,1
X,28.44443053544502,1978,162564.86084226216,0,0
V,2.7467950311170677,2005,429316.8645767001,0,0
A,9.784879260106981,1959,397539.75724000856,0,1
X,7.040167963847824,1973,479508.9620820849,0,1
V,11.79750403202,2004,491590.5034601642,0,1
V,22.269979645618392,1992,457313.5945495928,0,1
V,14.227277442761597,2006,153170.42039079967,1,0
X,17.121918183607388,1987,451353.0963699921,0,1
X,9.42464664235027,2012,435454.85391545814,0,0
X,4.238678012613017,2014,448434.34394387895,0,0
V,8.008009468131856,2021,160674.24684659656,0,0
X,25.79040903725961,1958,146716.731109327,0,0
V,18.072508864602312,1993,469523.55183363263,1,1
X,11.339660195917013,1958,169530.65965380182,0,1
X,23.697179452067626,1966,247448.6924170405,0,0
V,1.9337229736472628,1971,282393.93979762413,0,1
X,7.6167326376715705,1997,149777.01113182577,0,1
V,6.903094621720179,1981,108253.71521301896,0,1
X,29.560936865046664,2013,497636.18790684646,0,1
X,21.182957471782807,1971,450662.89793398447,1,1
X,18.533578091656626,1995,464935.1717402549,0,1
X,0.14954895883418695,2005,213825.22770884738,0,1
X,5.529300062695722,2021,188040.62909817562,0,0
A,19.066238789192347,1967,270346.62327017065,1,0
A,11.391579794449973,2003,281327.74759120273,0,1
X,27.728411510371824,1956,102239.77554569625,0,0
X,22.941726574252737,1989,411701.2450239331,1,0
X,13.4215221841236,1980,498666.8152568069,0,0
A,22.485449326148114,2019,311476.34804083576,1,0
X,29.262129714786646,2006,255303.4780049805,0,0
A,13.829424741044118,2017,257100.7572884813,0,1
V,19.275776636656,2012,138430.85286884027,1,0
V,27.559938451838853,1979,206464.72734560468,0,0
A,7.460239861085198,2003,300853.11545385246,0,1
X,26.59673740998835,1952,272739.20045387896,0,0
A,2.9263412031894798,1990,318013.8982972441,0,1
A,19.453445117629393,1953,439626.2594549627,1,0
A,23.48514465167353,2002,190096.9210798448,0,1
A,18.438186577572782,2020,111065.67236252478,1,0
X,14.866044124576291,1999,115290.17811309629,0,0
V,18.52041299777058,2011,153667.52212274336,0,1
A,4.549911263383337,1967,328193.193921761,0,1
X,6.467121309906551,2022,423273.9240151699,0,1
V,8.096980318690258,1990,454722.37571225263,1,0
V,17.933380218901142,1999,354045.28078998846,0,0
X,13.257032212352115,2006,261257.30098035737,0,0
A,7.334275274575186,1996,161805.88326245896,0,1
X,26.484279964337404,1973,260567.33577739162,0,0
X,11.217655208796701,1994,232966.0535631134,1,0
V,13.380951576896734,1997,448010.35234285507,0,0
X,12.291032296469837,2012,294687.75096424285,0,0
X,5.458288658302579,1985,190478.35998181155,0,1
A,21.948810462907,1986,215520.42672631197,0,1
X,13.45374786806574,1986,154588.0658170756,1,0
V,0.4877132967815534,1958,467434.17962765245,0,1
X,28.92041107079391,1956,120138.33849458741,0,1
X,24.47290834786241,1951,105138.4994223577,0,0
V,21.7067806227541,1998,173195.57341074751,0,0
V,26.07275611555587,1980,424349.6071642503,1,0
X,27.20421760816651,2013,309386.7146524325,0,0
X,10.12469119153316,2001,350337.31495079456,0,0
X,18.328760352500957,1960,243092.67016629392,0,0
X,18.264234276167826,1957,127471.19421966802,1,0
X,8.01899006431791,1976,442463.2649968673,1,0
A,6.658567543412016,2017,176757.70885016298,0,1
V,3.4172176445706626,1953,113223.68021804588,0,1
V,19.779425877493583,1963,329081.65437327744,0,1
V,23.427569730923395,1952,133315.68815384043,0,0
V,22.828589385510114,1980,138304.74074393368,0,0
V,9.48826131554923,2022,420150.8125930101,1,1
V,6.157795513956067,1999,296643.83572719817,1,0
V,13.608425353638658,1986,196603.3808988572,0,0
X,16.404403807215317,1960,239450.5693438075,0,0
X,27.57261383905667,1975,391696.3915372686,0,0
A,26.244694628221623,1988,126541.65790264073,0,0
X,27.48174993905483,1970,146592.24637328397,0,0
A,25.50787155407939,2001,346504.81399622787,0,1
A,28.93743613308934,2021,342788.6937868429,1,1
X,13.964999915071722,1965,488984.8738141487,0,1
X,1.424204922992831,1968,249819.79250217986,1,0
A,2.506860964454347,1959,126031.05087100634,0,1
V,11.708284253170294,2002,315014.97393985116,0,0
V,7.730612738189918,1983,355338.7247047161,0,1
A,5.09821774083202,1970,155841.11431449963,1,1
A,28.59611323525946,1966,321144.7894140787,0,0
X,5.862587652318673,1955,179106.84866330583,0,1
V,28.78137816945693,1984,437892.02315242734,0,0
V,22.82516520963621,1999,434064.5983135319,0,0
A,19.228370163756704,1967,271851.6383993767,0,1
V,20.28056880268135,1950,486697.2762051216,0,1
A,9.944229709773719,1984,491909.5497798966,0,1
X,19.392811141748464,1999,151700.4355790478,1,1
V,5.600763548437959,1975,247085.52193298706,0,0
A,28.131162976079384,1968,340128.5880186579,0,1
A,9.053800198817806,1961,133935.12383257775,0,1
X,7.6555953688062655,2004,253062.20152565482,0,0
X,21.334883945824725,2012,204468.8336066363,1,0
V,19.693461541985457,2006,480820.08838668163,0,0
V,13.538967550299159,1987,264634.32913258823,0,1
A,18.97338704072359,2002,405068.343419005,1,0
A,4.784792152825684,1978,254682.14540486952,0,0
V,20.199849222058653,1951,152724.8281675342,0,1
A,8.118320855855817,1976,445260.612064339,0,1
V,8.185079300293719,2001,100166.76676124154,0,1
X,4.865398048313537,1997,122376.34958978,0,0
A,9.971314051084939,2022,245753.7623588173,0,1
V,9.937531809339843,2022,374759.3022074946,0,1
A,13.625370351068078,1967,236681.71811631028,0,1
X,5.712585139990485,1950,126525.12704838999,1,0
X,5.790226084762989,1970,227136.01349365953,0,0
X,16.252157149896853,2013,197992.34359606492,0,0
X,3.8663221401142547,2009,102167.91992727919,0,1
X,20.666910239665054,1957,313920.76527216076,0,0
V,28.318413775877897,1961,146658.36589767443,0,1
V,12.803868649931347,1991,214998.51551866645,0,0
X,27.033159394520304,1998,356475.9320889658,1,0
A,2.9494977337759334,2021,390046.27552919084,1,1
V,1.288728821269337,2005,205382.25074240903,1,0
V,21.6410663254152,1965,231677.4684260936,0,1
X,22.830647189444896,1952,198763.6952509861,0,0
X,25.29174722897254,1996,482755.44012647675,0,0
X,1.7045303519994426,1990,176207.89079496113,0,1
A,23.307211648704914,2017,173272.24145347052,0,1
X,11.296161983897454,1992,278014.1183326128,0,0
X,9.100128980465957,1986,175722.54368022765,0,0
V,5.1907176402989075,1972,162683.38251424325,0,0
V,29.880472653075813,1956,138351.8150804342,0,0
V,1.9099076795659087,2013,356068.49924329977,0,1
X,24.810240438239983,2010,344832.90196075843,0,0
X,19.184833064715825,1961,360065.15675118647,0,1
V,22.052413327856016,2001,409320.0032037585,0,1
V,21.35151359765389,1976,230543.20511703033,0,1
X,25.753034552195476,1981,467369.4934447686,1,0
V,5.513762095683249,2011,393281.8444275024,0,1
A,0.0247385050405613,2011,421883.43543247477,0,1
V,17.955854671297985,1963,388384.8655306845,0,0
A,10.615759179700019,1972,243382.25817302472,0,1
A,3.7136199335141304,2009,213212.99522505398,1,1
X,5.584162623127166,2016,269006.8278316057,0,0
A,9.952479373776686,1955,138812.1442133434,1,1
A,2.107001126601097,2010,280512.2006263789,1,1
A,1.7073960638535257,1985,117256.39323809593,0,1
X,27.480787644973326,1993,101578.3840108778,0,0
V,9.363082480610887,1955,472599.5757898771,0,0
A,29.46692092420755,1999,375734.74423515715,0,1
X,28.931010249911996,1999,324738.7788263876,0,0
V,4.277138469813414,1998,236440.81576922315,0,1
A,21.447729086885726,2007,328215.20587402966,0,1
A,18.024146673812076,2019,456630.3105353327,0,1
V,20.719412193154607,2012,360952.05357754586,0,0
V,2.8857300004342434,2004,340992.7991814017,0,0
X,5.656802359036741,2021,284081.8011886712,1,1
V,2.2991598435264446,1999,238278.8122603432,0,0
A,18.124026156512134,1999,379418.8455686847,0,1
X,29.597732275472733,1989,492392.37640632567,1,0
V,20.159536129738242,2006,269903.07740823604,0,1
A,21.322846050657887,1955,256882.08160568032,0,0
V,29.53755124629843,1986,271245.388946017,0,0
X,20.340346625153884,1981,270217.5872198886,0,0
V,1.20544717885411,2016,496249.90934739803,1,0
X,26.01016802569793,1955,382711.30300373625,0,0
X,10.940348711363889,1996,243673.77968423668,0,1
A,0.13090864544146097,1963,248600.94953068902,0,1
A,15.217025326824617,2014,272318.7698976223,0,1
V,28.11045002628791,2012,114684.87503217987,0,0
A,7.719920615849496,1967,311126.56080850004,0,1
A,14.745395191585198,2013,424552.38060910587,0,1
A,5.213306633471722,1986,364227.1172830042,0,1
A,1.730780149993203,2020,179368.33870461665,0,1
V,2.4163484013933956,2003,391213.69655134797,1,1
X,21.810327178840662,1952,387783.4425328121,0,0
V,25.92223412226447,1964,205015.68625959882,0,1
A,4.298965177574733,1979,349149.8627427741,0,1
X,8.64955703431406,1965,344379.61324877443,1,0
X,5.85088402934482,1959,435915.04954247264,0,1
X,0.805673307792838,2021,154428.9247333765,1,0
V,16.60294109660951,2013,177935.4018046091,0,1
V,20.997665104129428,1981,294387.8015071221,1,0
V,19.436324426552115,1965,117658.05955692282,1,0
A,11.641606419067429,1963,266237.6790406826,0,0
A,16.65030737819716,2016,415287.6167998893,0,1
X,2.82297919908674,1974,159485.7575935993,0,1
A,4.629111561680533,1950,283979.4947746099,0,1
V,27.9538385865895,1979,495907.69335297786,0,0
X,22.845232434596905,1983,302368.0053699458,0,0
X,27.682172874755018,1995,299329.52964883624,1,0
V,27.500408534981016,1974,323517.43348966725,0,1
V,19.48177851323222,2017,174401.7481330965,0,1
A,27.847159443364955,1996,158865.5530743777,0,0
A,12.501123092473897,2022,370941.85164604336,0,1
X,0.10848734354822809,1976,258306.72396230808,0,1
X,1.8771334753847813,1997,215962.65128619032,0,0
A,3.284619771024456,1976,112556.64796795903,0,1
X,2.8606035954858076,2001,438420.198871393,1,0
V,10.551071725507903,2004,112931.5463379331,0,1
V,21.038124213280728,1973,399993.24963332777,1,0
X,23.719464198014848,2018,252795.4235994324,0,0
X,17.706398230338742,2012,339475.12420186005,0,0
A,4.393085236709386,2015,199071.20027606492,0,1
X,22.437048064445257,1965,162159.86649282926,0,0
X,10.644057574127968,2002,313355.200333979,1,0
X,0.38980046015388736,1957,378247.07798165746,0,0
X,8.41765861598248,1957,178197.31797805862,0,0
A,9.918016624229336,2021,274543.57897302567,1,0
A,8.227366056543087,1961,277861.9881165583,0,1
A,24.356104595627567,2013,186391.65963178512,0,0
V,22.797791927822708,1981,326019.7785008524,0,0
X,20.866560912379242,1972,158374.27471268026,1,0
A,4.170152355367959,1955,303899.66932743206,0,1
V,24.23501729118846,1999,145372.6045463998,0,0
X,20.315278849899713,2002,294216.963542055,0,0
X,5.845130594441756,1984,224639.62195022273,0,0
V,19.44281790844549,2009,280898.51683261397,1,0
A,14.505349230110431,1973,273499.7437772697,0,1
A,13.180501855686751,1990,463173.2491274371,0,1
X,3.3636949041716644,1970,295974.2399825851,0,1
A,15.549128275354962,1992,427399.56155074976,1,1
X,2.9979542691709096,1959,190260.95716468611,0,0
A,4.9276016176279995,1984,240833.11785370353,1,0
A,3.9763894282428813,1990,130035.75225327637,0,1
A,28.623248372100228,1990,268299.11792859744,1,1
X,8.545940713316702,1982,367479.9548299724,0,0
A,10.656129707880233,1996,435266.8136437585,0,1
A,9.662418188881082,1987,326365.9647196621,0,1
V,26.947513355344313,1970,356029.06783723144,0,1
X,16.888977340046655,1965,170906.83104677926,1,0
X,27.57479696799935,1997,114882.41529337576,1,0
A,8.997747174836867,2018,416675.2580709264,0,1
X,3.445040232958468,2004,166815.28297651454,1,0
A,16.68655358172524,1996,136467.81421310097,0,0
X,10.366109753700526,2017,475024.9283626381,0,0
A,24.057205004722448,2015,485408.5456236706,0,1
V,26.382702267349757,1986,346502.91664099786,0,1
V,14.177205327212153,1957,251454.90907491738,0,0
A,29.14077072256525,1996,433295.8163856208,0,0
A,16.590390190332176,1995,181887.98373416497,0,0
A,8.127611801589374,1970,271756.93097187276,0,0
X,14.669265460328235,2012,242806.9196002407,1,0
A,1.119308772087828,2013,465079.9962966727,0,1
V,24.120034807892026,1974,467910.96614490944,0,1
V,3.0430515256326283,1984,360354.37052946654,0,0
V,9.26245465509015,1964,144296.05610907674,0,1
X,16.9594964101483,1963,292877.115863321,0,0
V,1.2892537694069661,1969,198131.3464896227,0,0
A,2.379506975443447,1976,453966.2652737928,0,1
X,20.883490728390385,1969,155361.11960648076,0,1
X,2.153312791823062,1961,121724.11034428295,1,0
V,14.312485987421296,1982,381771.6134200313,1,0
X,10.160869002622512,1995,281314.4299872612,0,0
V,6.842382238692494,1973,435345.9550412338,1,1
A,5.663366935909963,1988,129851.8524677247,1,1
V,22.902338811977383,1969,420430.453043137,0,1
X,28.546265794508475,2001,114933.90113766333,0,0
X,4.2053922660999525,1997,111228.0047655828,0,0
V,28.790436575223808,2020,284526.30069241184,0,1
X,17.84287510425311,1953,188516.51587226073,0,1
X,19.24981216089771,2012,337487.48280261224,1,0
X,21.297791344277456,1974,110326.79768458818,0,0
A,21.12356671063743,1954,114155.81694519141,0,1
X,24.59433324557065,2000,390859.3984687762,0,0
A,14.504059540430923,1962,184066.06499692466,0,1
A,16.000757625441032,1962,362566.84946429345,0,1
V,9.714810073902477,2021,399968.8646003034,1,0
X,3.1577278134935116,1966,123732.46628998697,0,1
X,19.93920572778657,1989,407901.5817856957,0,0
X,1.0082990755875276,1964,207368.4871845144,0,1
X,8.269051532501049,1959,255818.3832798993,0,0
X,2.8268959333830077,1950,134655.67691812667,0,1
V,5.721814719681541,1951,435451.99334594107,0,1
V,19.161927386921423,1984,324291.5145303056,0,1
X,18.854298906147545,1981,301866.11113886884,0,1
X,12.631647389871363,1952,487421.9243611023,1,1
X,2.7051592946847345,1975,233802.3039762683,0,0
X,13.001217493782251,1969,456311.7145906784,0,0
X,10.582346155748802,1991,387875.1524258417,0,0
X,21.61377458567849,2022,471411.25434089557,1,0
X,17.370798245971553,2000,463120.8211049839,0,1
X,14.74697302010997,2017,496411.92201042786,0,0
X,14.609462469149856,1964,152670.70081486303,0,0
X,28.988906617812564,1965,418406.556836638,0,0
A,22.688826651103515,2004,421797.74197900126,0,0
A,14.909386813803835,1972,357749.4112713947,0,1
V,14.376678386669328,2011,211544.3832952808,0,1
X,0.7943730391489034,1983,486059.30865132605,0,1
A,28.2752778995942,1964,181768.85515608382,0,1
X,9.575219153019889,2011,299830.1513433756,0,0
V,7.678172456422313,1990,308594.8451276745,0,1
A,29.98226776163014,2008,164731.73793441552,0,1
V,21.560690145135734,1983,389011.52893329633,0,0
V,1.4209131989786394,1959,135546.8656720959,0,1
X,1.8565643107672936,1999,377239.1115386844,0,0
X,0.7650469188059361,1959,439446.1985162548,0,0
A,17.988566985386072,1998,239758.5700329598,0,1
V,2.1469350018585542,1980,383768.3234396801,1,1
X,28.001650705347917,2007,162709.60325913993,1,0
V,28.107196200680338,2013,438379.6005811515,0,1
X,16.38162200244239,1979,480812.6794212899,0,0
A,18.499167941878525,2014,161077.47739991077,0,0
A,8.756832045757495,1958,376743.7895889329,0,1
X,1.9191762722481998,1957,302332.4386226103,0,1
X,22.123813355754464,2022,312599.73273295147,1,0
A,3.053579662470524,1991,382595.8874402753,1,1
V,2.566729230551794,1982,295496.1997345749,0,0
V,9.336693276126715,1961,340130.5568070867,0,1
X,0.3739697951364618,1971,192360.40776455088,0,1
X,13.02106847268948,2000,251402.63859545212,0,0
A,21.2304273024023,2009,446096.1400286008,0,1
V,24.040467942658168,2016,143961.00465935425,1,0
X,18.12921911396764,1979,339030.104373456,1,0
V,25.406226093417377,1983,173714.82489395607,0,1
X,12.19506611301331,1961,438615.83916934876,0,0
X,25.4631625518143,1956,331617.5815414199,0,0
A,15.194199314951378,1981,261219.51306810844,1,1
A,6.69108383994886,1992,199929.86946072718,0,0
V,28.32436939981398,1957,274737.87967585376,0,1
X,8.249126215113495,1979,483044.9303686969,0,1
X,0.7860445256337933,1996,303683.71589744824,0,1
V,7.280221288650807,2009,287795.8126799441,0,1
V,11.000626837722832,2018,398509.5254001236,0,1
V,10.540490498677922,1974,251618.82833276267,0,0
A,15.74002528330715,1978,270969.57995231764,1,0
X,26.493806461077703,2013,234779.09262864763,0,1
V,8.770146813290975,2000,160367.90213175656,0,1
X,15.623118238775065,1969,385523.68568106025,0,1
A,10.204168610654381,2000,449212.3655534495,0,1
V,24.653191781196014,1961,462237.05969710625,0,0
X,4.728045398654351,1982,452321.17521511187,0,0
X,3.1053080493017546,1972,280713.52097519714,0,1
V,15.089857597128052,2022,213626.4768812785,1,0
X,20.15662757296476,1952,355169.4998403294,0,1
X,23.865756032722995,2012,481881.96476241265,0,0
X,17.68874558715949,1970,390820.259267442,0,0
X,23.215492839570018,1952,297939.4246360626,0,0
A,11.781301756827713,1998,375523.4298053793,0,0
V,0.9860301079940692,1999,409015.1649817588,1,1
V,3.4829792370466963,1960,467707.7045312283,1,1
A,1.1616780368698854,1952,405286.3015888617,1,1
X,9.86830951429478,1958,273276.2222543622,0,1
V,14.86474023806047,1979,209442.60738619365,0,1
A,10.689524509708182,1959,299952.6658918365,0,1
X,16.817984251991767,2001,231271.1778421887,0,0
X,14.418274454783631,1955,477105.8370751256,0,0
X,20.33828405591821,2007,303186.3373799849,1,0
A,20.008864906902186,2013,288822.5343856033,0,1
X,9.541924413260384,2002,239278.48726194515,0,1
X,10.386433660832745,2018,355762.7961166401,1,0
X,17.5544346492391,2018,308020.51144837914,0,0
A,17.892974036725253,1953,151619.56915930263,0,1
X,9.440997409113994,1974,447683.1243321978,0,0
X,9.909536573262756,2005,243605.13285751938,1,0
A,20.821350395584414,1974,273031.37198326166,0,0
A,19.422324686282085,2003,182266.82266543165,0,1
A,4.051524140393241,2006,321359.28304715565,0,1
X,13.231256390261803,2022,380822.02497143316,0,1
A,26.781182361317708,1974,452466.1282503758,0,1
V,1.0891702831342565,1975,120643.06598890506,0,1
X,25.654918394526412,1951,489332.7638797513,0,0
V,4.8953447119243085,1970,381527.09680814267,0,1
V,15.217458973851478,1970,213719.47376460696,0,0
A,12.730092867690345,1983,181789.90200558642,0,1
X,0.30388012024376465,1980,218435.16746183916,0,1
V,27.46190811268896,2012,450290.30066657695,1,0
X,13.64775682002917,2006,216556.06927838016,0,0
X,28.62804830281845,2003,285128.45382289425,0,0
X,8.602317029376536,1950,382295.22169689304,0,1
A,25.98827320247917,1984,448795.9454895542,0,1
X,27.671687219868915,2003,363428.46493844164,0,0
V,16.704972491123417,1967,401243.67861376907,0,0
V,6.080333636031526,1981,169330.71851838223,0,0
A,20.5574229631716,2003,450963.1310764555,0,1
V,16.469341995883802,2008,210287.67344724428,1,1
X,28.335889975578777,2012,151351.26562260627,0,0
V,13.178161854314755,1981,490497.7161362677,0,1
A,8.05540942919466,1979,180655.9701816644,0,1
V,4.148610044823213,1977,154660.78803119058,0,1
V,20.959007060600385,1998,350408.3600407146,0,0
A,29.223288569417466,1980,227545.2597984381,0,1
A,0.8503131171419542,1979,153339.68207219732,0,1
V,22.213360643343805,1962,340448.4468863504,0,0
A,27.80791087679,1984,403594.0908888942,0,1
X,2.2434460268204806,1967,417279.34968286264,0,0
V,3.3051013531839946,1988,162205.04040490894,0,1
X,20.75871295349126,2014,322746.8271759769,1,1
X,19.43890127687365,2006,425471.34827258426,0,1
X,2.064822459487371,1984,164434.8045696741,0,1
A,25.032682564534696,2021,183072.90070826997,0,1
V,15.702715435346771,2021,100964.55897267105,0,1
X,27.215921200098375,1982,309853.6625581152,1,0
A,26.33972642978113,2005,177872.67874478037,1,0
A,24.375233071504972,1974,389697.03029075963,1,0
V,15.47696688733264,2014,484885.5422470423,0,0
A,7.551319252482967,1977,183502.1955996281,0,1
V,15.179265117333976,1968,359638.80470541306,1,1
V,3.024341334053402,1959,184733.78458340454,0,1
V,19.765384454202785,2011,107202.7435918816,0,1
V,4.019316576870229,1971,403421.67768583394,0,1
V,15.335188875021693,2009,273601.8706603571,0,1
V,1.6314592250045334,1956,478714.74460586125,0,1
A,8.985374708239377,1986,313714.35285736225,0,1
V,6.9624138200936345,1981,162993.14759027358,1,0
X,18.600946281350115,1982,279909.77671891113,1,0
X,23.603601360675263,1962,181156.7179224066,1,0
V,1.7190886362157842,1955,451211.7090746298,0,1
V,25.508510554661527,1975,376361.2723550099,0,0
V,25.823030848638133,1984,236495.52186188143,0,1
X,10.268072228640683,2007,311128.1291228562,1,0
X,19.770121979109664,1983,367792.0752852114,0,0
X,12.078390951103486,1967,413143.0866581701,1,0
X,4.625726465688945,1969,132058.88394821668,0,1
X,15.859872556893311,1994,109007.5367980987,0,0
A,2.5907902350478995,1981,145781.07886795592,0,1
A,26.354164661879636,2015,257998.52406902518,0,0
V,27.728692782288256,1982,286682.6440328368,1,0
X,24.648394110342107,1991,154584.65208553936,0,0
V,16.87584362267936,1954,264461.2551598421,0,1
X,16.72795773376365,1964,276649.1145447322,0,0
A,29.538221298027892,2012,143635.98547099467,1,0
A,7.437050694935486,1975,466663.9840782936,0,1
A,2.2784509771562247,1980,339658.371035083,0,1
V,16.858227708035333,1993,255414.21218251283,0,0
A,9.863567934303099,1954,302762.87338888267,0,1
X,9.670163184241327,1986,225678.9945875227,0,1
V,0.2125606250984413,1975,441732.4126578372,1,0
V,17.88718228643799,1960,330006.01662740146,0,1
A,7.921011068268422,1980,297958.32575741736,0,1
A,5.63575644578043,1982,464354.16123823903,0,1
A,1.2129579417901115,1963,435191.8792936271,0,0
A,10.93084729426834,1989,425120.7565703397,0,1
A,26.369066171593722,2004,190243.68169273768,1,0
X,10.100124227921171,1969,161249.24458734272,0,0
V,20.37222630358781,2020,376038.6078850991,0,0
X,22.696408902057218,1994,287456.90253655834,0,0
X,9.843024275705988,2006,373485.08518273744,0,0
A,24.64922205036124,1955,404250.8928444465,0,1
V,20.756389790008473,2006,218125.4029379004,1,0
X,16.777266861028547,1974,213860.17324912347,0,1
V,0.029773921518867486,2001,296332.6265032735,0,1
V,1.052722977684244,2008,209419.72541059894,1,1
X,29.725975323181903,1968,366918.1104064798,0,0
A,23.46851770510678,1968,398692.17835228675,0,0
A,28.12695776318841,1954,288815.5784212977,1,0
X,27.069096147540826,1994,389519.9062394573,1,0
V,0.6132894942825251,2006,304175.0276283105,0,1
X,23.755418693732217,1979,385148.6887868037,0,0
V,13.534372320334638,1961,189987.29911829013,1,1
X,23.68674612001967,1973,395537.2183732168,0,0
A,0.20147352490155424,1979,386049.6093828071,0,1
X,8.645979036016927,2016,206642.28281967103,1,0
X,22.539713273739064,1959,322388.39641607,0,0
X,23.790623658047693,1975,442124.66714976064,0,1
X,18.591438036438717,1996,199809.05878897558,0,0
A,9.037685683387913,1967,394391.91360587056,0,1
V,9.310877738635888,2014,481586.68685875484,0,1
A,29.00291890926098,2016,446496.76790302596,0,1
V,13.176365377026135,1977,260608.03307211047,0,1
A,13.413766507315112,2004,342883.0931952554,1,0
A,16.569982507220985,2005,496708.05370108155,0,0
X,12.285070105931663,1999,327374.96455028735,0,1
X,16.580146937922425,1963,146011.04097214664,0,0
X,12.970062683026736,1953,118172.30191150436,0,0
X,24.8014475880656,1975,416125.80389761133,0,0
V,27.27153059394852,1959,269451.33016073843,0,1
X,27.96330779446085,1971,198725.15625167778,0,0
X,16.928886174881598,1996,239068.8122643788,1,1
X,13.26445672393486,1992,402949.1466185809,0,1
A,21.15720176375514,1965,286098.9342535316,0,1
X,25.149707738877197,1951,447399.7970103506,1,0
A,16.889467261991314,1966,393970.2355110797,0,1
X,20.99943065466784,1983,489605.66017817,0,0
A,22.49188052163744,2006,455401.50671593734,1,1
V,20.2918133015186,1976,201818.88471440366,1,0
X,22.384006671879284,1970,363623.6931210213,0,0
V,6.259359976679951,1990,108217.21381125755,0,0
X,14.951236410653925,1955,496442.6897718393,0,0
A,17.648056638152617,1966,204402.44352103863,0,1
V,0.07433792571069242,1952,365918.0374494336,1,1
X,25.678875264410458,1988,439661.4484798261,0,1
V,18.300735253347362,1982,164185.86509118858,1,0
X,3.874089950946098,1992,439151.73712419166,0,1
X,24.490712177274816,1995,104898.26631632897,0,1
V,21.511708993216338,1978,276790.855234163,0,1
X,22.74898630390911,2013,288815.0490124554,1,0
X,11.761273855855686,2017,249636.28530349434,0,1
X,25.626075200849762,1958,334553.89852019993,0,0
X,12.420827463970866,2017,465936.9394810528,0,0
V,17.11527458836774,1964,230795.64572011563,0,1
X,0.019269110996211758,1968,331703.95486656966,0,0
X,19.346193440335867,1988,450985.01029732917,0,0
V,21.5452737638381,1952,409198.15804055124,0,0
X,17.01328096466377,1976,116293.3059221984,0,1
V,14.896764511308481,1964,477116.3056510649,0,1
X,24.29809421135125,1985,118658.7617034451,0,0
A,20.441181514957254,2009,335503.38974973187,1,0
V,8.34222119160069,2017,330141.4481260659,1,0
A,28.772200142399576,1965,414556.0922809264,0,1
A,21.218015825860224,1989,159377.22073959105,0,0
X,29.63816786737274,1984,171748.1568250815,0,0
V,29.13783948806605,1980,400842.7730953442,1,0
V,27.567291684302695,1996,159801.90096465003,0,0
A,22.661146236759226,2022,287778.0508262558,0,1
A,18.282881054909023,1979,392659.23608437274,1,1
V,5.165119910487727,1954,360496.7715130724,0,1
A,16.300542522712732,2016,184241.67444523808,0,1
A,22.96129567182982,2018,221584.10347443423,0,0
A,15.625714761167034,1973,487589.9612964164,0,0
X,26.04717385216973,1986,279468.2480619536,0,0
V,3.289676975750948,2012,117782.99057455221,1,1
V,11.428210441459022,1986,187833.95978653306,0,1
V,15.178932557809718,1985,236974.03586473508,0,0
A,12.969758876073241,2017,499795.76171783434,1,1
X,3.2575964346465924,2010,221076.61899076746,1,1
X,4.605848821338916,1987,110558.33951301799,0,1
A,25.128518785664614,1961,305168.6310221344,0,1
A,14.53152777604353,1982,133442.15398959082,0,1
X,1.4616728025818293,1999,209627.03947828873,0,1
A,0.4947377693294974,1969,496953.27043757564,0,1
X,14.204262059829798,1989,381855.40757206175,0,0
V,4.9313617777333105,1998,120266.65171314814,1,0
A,21.153778379976657,1956,279474.6874367184,0,1
X,23.85970387583254,1991,168655.00505153972,0,0
V,6.8489012537131675,2003,149177.8625608485,0,1
V,17.765308346453423,1965,334826.1653395208,1,1
V,4.63333930456158,1990,302262.35585608624,0,1
X,9.10747954783161,2001,397146.6337262033,0,1
V,26.663864825443,1953,456922.4912927439,0,0
A,16.322942744469323,1997,198672.74297266477,0,1
X,26.576660854326004,1968,469196.7946621588,0,0
A,6.757434125385209,1979,307196.70902163815,1,0
X,9.900730297459981,1997,203533.96727404685,0,0
X,14.128564153704511,1950,438314.3352410437,0,1
A,14.402402255836286,1951,114211.96721160901,0,1
V,29.92943901551101,1982,323803.75098918425,0,0
X,3.4333595691339025,2019,388648.61401198665,0,0
A,25.558951068047723,1950,211991.0748624573,0,1
A,25.910461182656103,2007,445396.76702528715,0,0
X,16.59595894613362,1955,196113.82534319395,0,0
X,10.321115047774613,1985,435949.71309269563,0,1
X,15.576783128648886,1981,131417.9855329829,0,0
A,8.774031144196915,1984,163971.03674737253,0,1
V,23.973223453198187,1955,252393.83356076325,0,0
V,14.948374761309903,2005,441622.2051192717,0,1
X,27.775265366323517,1970,157834.14605071297,0,0
X,18.680740330681314,2006,450175.2959176966,0,1
V,15.429579993440502,1997,191892.61064511747,1,1
V,21.332080619329567,1990,281003.35943781154,0,1
X,15.117988932907028,1972,241093.7617041351,0,0
V,27.135190512583414,1997,147250.49064580942,1,1
V,5.533378826605238,2022,477723.89580765605,0,1
V,29.20046051237717,2017,275271.3163008854,0,1
X,24.365716555535762,2016,376132.5045424778,0,0
A,25.822000855946087,1966,330107.07066561247,1,0
A,14.487234971132136,1992,300686.366740883,0,0
X,25.11604648012792,1979,346631.0494227396,0,0
X,9.203222507316154,2020,459336.92248097155,0,1
X,22.858445356925255,2019,379724.9502776438,0,0
X,4.213504751670679,2013,312992.03178208845,1,0
X,9.21155747887526,1961,358074.3842663905,1,0
V,13.371979900791985,1973,342557.7122036086,0,1
A,9.669591544302655,2001,273248.4829945252,1,0
A,11.61051346872551,2004,349905.60405218013,0,1
V,24.60314234351094,1975,277427.92006566544,0,0
V,7.700276764265027,1959,403045.7511487649,0,1
V,22.358435164637168,1959,487564.9934089142,0,1
V,2.211362073349555,1999,483946.1429988917,0,1
V,22.972173225451826,1983,428294.3145699922,0,0
X,23.76069728489319,1985,340703.55882379407,0,0
X,12.05096326507446,2009,399732.7952282962,0,0
A,21.674334695024115,1951,171219.31810302177,0,1
X,27.454152112352975,2005,291607.382925569,1,0
V,24.021389206635806,1970,202921.90599654574,0,0
X,11.713395311908796,2017,101397.99244373884,0,0
X,14.526405428401933,2019,486695.0298688304,0,1
A,23.380726343574164,1986,445539.42474073655,0,1
A,8.777837695473707,1973,305479.44738797075,0,1
A,24.116482209266206,1967,201660.91524760274,0,1
A,9.842134276828235,1963,377190.0840796947,0,1
V,24.179717471566143,2022,273920.433819971,1,0
X,2.6040133005217,1963,421339.8133690798,0,0
V,1.331918907317704,1982,499807.2440723798,0,1
X,29.93026342109467,1984,239633.04299594802,0,0
A,26.08371369704067,1999,197761.2173912191,0,1
A,26.485425103986117,2011,206952.9955179033,0,1
V,28.538398428198526,1990,137338.4982722688,0,1
A,13.149489282434635,2005,257618.47860006214,0,0
V,8.605066640404566,1991,106970.02108676372,0,1
A,3.90074985053709,1981,145758.22296051023,0,1
X,15.036274006153935,1961,208678.2989090681,0,1
V,6.601449614298235,1965,163945.11036379228,1,0
A,28.06652570217959,1981,392863.6398002901,0,1
A,0.12009487328337287,1953,142241.91634716012,0,1
V,4.295902132293648,1973,446397.64200980985,0,1
A,7.394275592502804,1983,188445.80148438114,0,0
X,5.968701347795852,1984,143436.24678862706,0,1
X,6.773353097391309,2009,104042.65777250341,0,1
A,19.68142815183535,2020,386082.00172885857,0,1
V,9.825362349394476,2003,202646.6983754168,0,1
V,18.4507314571012,1955,303799.4420551099,0,0
X,26.707738009388738,1979,144646.41866886232,0,0
V,18.076702965771062,2003,494118.3692944997,0,1
A,20.835983738591445,1993,150153.8956279821,0,1
A,10.965098946640719,1983,264770.3706567513,0,1
X,4.792154028681274,1981,440659.8009337864,0,1
V,9.617521873497184,1979,197954.77939216275,0,0
A,28.928479461123242,1992,206788.71413846937,0,0
A,18.654341533594113,1963,423399.80635629315,1,1
X,8.325333583020456,1987,209335.86287680507,0,0
V,13.527458014863114,1965,101148.5244379252,0,0
A,25.06539112292983,1999,271165.4881959799,0,1
X,20.053307121173205,2013,105014.08387139,0,0
V,16.819585221875045,1987,463916.9135317467,0,0
X,26.554886299015234,1978,356725.28967168834,0,0
A,20.17318716650371,2018,333205.70648849686,1,0
A,19.28189192373286,1998,180635.80434494524,0,0
X,5.693044116323044,1981,379978.4741714545,1,0
X,3.191660490372233,1952,370901.8574713383,0,0
V,28.954263511721972,1951,124185.42957014598,0,1
X,17.965751103010582,1966,452338.61232422903,0,1
X,12.470502274392873,1967,331765.34517192224,0,0
V,17.670624627306527,2002,416986.75241544406,0,1
X,1.8543588321514615,1986,205165.62885153768,0,0
X,24.663818217123204,2022,148819.11990138167,0,1
V,6.4993660669300795,1989,380979.8292747138,0,0
A,24.13638018953841,2015,417553.07450206485,0,1
V,16.031353297908318,1990,254413.41344771656,0,1
V,8.297160409707082,1976,109476.9101265245,0,1
A,0.9062984472621138,2002,427301.6098615458,1,0
X,24.475000659798173,1982,182437.56253217626,0,1
A,5.2938042440792,1970,235612.7767589953,0,0
A,1.5541534691962033,1984,351292.4031108521,0,1
X,22.676331924776424,1998,139981.8876845211,0,0
A,10.501296671189364,1977,128798.30645538526,0,1
V,11.6800201677495,2001,110281.5086301097,0,0
V,7.412027618421569,2021,466655.9440957822,0,1
V,25.775354360906913,1980,224553.09770746226,0,1
A,8.919885783195962,1971,364263.52604685276,0,1
A,6.3057770925307155,1979,495694.09960709687,1,1
A,9.277491790084683,2011,367780.3174247774,1,0
A,6.0944872550219085,1963,310037.918342472,0,1
V,9.529656624156225,2021,308367.9734068954,0,1
X,2.4880866860451913,1980,250766.85938222066,0,0
A,4.755900873583751,2011,339911.86238203413,0,1
V,12.511586501884436,2007,483516.5558182817,0,0
X,26.38400566769629,2007,415217.61347932403,0,0
A,1.7187224016685754,2016,269690.64681329497,0,1
A,6.380241202800919,1963,232977.9316130133,0,1
X,27.250370266247888,1993,453412.6118492486,0,0
V,26.70044022479765,1957,154314.33025063752,1,1
A,20.383524998878237,1971,439834.1027857207,1,1
V,7.214206622857139,1952,202030.70453693293,0,1
V,12.594316831673572,1999,386251.6943103671,0,1
V,6.336629833138952,1994,422488.232309932,0,1
A,3.8576552737560976,2004,290798.606905389,0,1
A,11.399951835416745,1962,176913.59045690973,0,1
V,17.274648152110505,1974,437907.09738495015,1,0
X,10.797980263944156,1999,247003.3380213259,0,0
X,18.32473651397909,2010,228272.10419300772,0,1
V,8.887642061379164,2014,304006.4729413758,1,0
A,10.375515832823709,1955,274034.4964415671,0,1
V,23.72020774933829,1979,373220.8868154897,0,0
V,26.34944192681574,1950,154879.12334906615,0,0
V,9.661022445931561,2009,274275.8616191492,0,1
X,17.145474040358287,1958,456680.7244900816,0,1
V,8.344868516768042,2010,114425.08377589018,0,1
X,1.6000392512228256,1961,282935.33326133055,0,0
V,22.13571544081224,1951,364212.78655408404,0,1
V,5.13010449708451,2014,455084.4348167941,0,0
V,12.771375712407515,1982,337514.49077327026,0,0
A,14.611364801374705,1981,429793.7084957314,1,0
A,5.534147525373178,1997,189076.40758371458,0,1
A,2.836660519901888,1970,241123.77449114382,0,1
X,10.440390440132118,2000,476852.9095712171,0,1
X,28.56857722650955,1981,454390.0452370745,0,1
X,18.454067699652644,1969,323181.1930754818,0,0
X,11.442306852087075,1978,290195.3351179381,1,1
V,1.1673246232264478,1950,280426.95658178336,0,0
V,18.008198441732453,1972,123515.86462680642,0,1
A,2.7677292280611776,1993,456950.84158262674,0,1
V,16.27632213142579,1960,427259.80336613423,0,1
X,22.558515248152286,1958,282500.4578911468,0,1
X,12.70756044884359,1997,211775.98908778938,0,0
A,8.982344844495731,1981,237168.24257061223,0,1
V,1.421527014527958,1959,149264.2343491558,0,1
V,0.7433362548479039,2004,388715.896522289,0,0
V,12.900797089365636,2006,322667.9426219431,0,0
V,26.500358121089036,1952,193641.36912995798,0,0
V,7.3218833637957115,1964,349202.2288310759,0,1
X,17.22166517345464,1977,491692.0857019899,0,0
X,20.529174590392852,2003,148958.05419047168,0,0
X,1.824896025040843,1955,283394.0042501311,0,0
V,4.593011274101313,2008,297663.5283688507,0,1
A,9.938303802587011,1973,166718.88552952098,0,0
X,20.102795224457115,1959,312632.0843989259,0,0
V,13.171053366842907,2013,342390.903419236,0,1
A,22.02585204654736,1956,162937.81552739814,0,1
V,26.027935967195777,1959,161889.55960355056,0,0
X,22.751168297956287,2019,442539.48625350243,0,0
V,29.767416219397475,1987,224554.97466801794,0,0
V,22.63083206194949,1983,352133.35483145237,0,1
X,25.565375850223518,2000,350709.2302700856,0,0
V,24.97099075395003,1996,435668.350233054,0,1
X,21.907972868401398,1994,395957.85249260935,0,0
X,24.054054499676717,1951,436230.5733753111,0,0
X,28.040496836022307,1990,350085.9158602663,0,0
V,14.256221355788778,1970,279782.86420559755,0,1
A,19.148610717376307,2008,257426.60852522988,1,0
A,15.44819164718318,1986,251611.90666457434,0,1
V,25.53110961576219,1959,267357.2391636631,0,1
X,12.94078808614522,2014,151723.70086150814,0,0
X,24.591803134341987,1970,269583.34840126685,0,1
A,23.980637251714164,1969,255777.96288104847,1,1
X,28.856583041057718,2018,113828.66532729259,1,0
V,7.4676209777225635,2006,210052.302130536,0,1
A,21.288585296577367,2012,400762.78989608673,0,0
X,22.707584929424588,1998,331178.22856385016,0,1
V,28.08835478413997,2016,422466.99870241206,0,0
A,27.207072541665934,1958,317075.21775230597,0,1
V,17.20577585125345,1993,441633.506190107,0,0
A,17.374595575919393,1971,418426.8398406867,0,0
V,5.018736852126882,1979,139313.82805689884,0,1
V,29.248881072713136,1967,490802.54720639694,0,1
V,7.650523881102806,1964,105898.97876053152,0,1
A,21.742086553538762,1982,338735.2151718474,0,1
X,23.873850144159377,2017,417004.6037267049,0,0
V,13.236465138341432,1996,232757.65594036138,0,1
A,6.3358116008717404,1975,339427.9169188632,0,0
A,5.668811526590602,1981,244849.01233897932,0,1
A,25.694880027047752,1988,124245.99000300077,0,1
V,15.322694602455444,1967,103384.60763573236,0,0
V,2.704109461148001,1988,137944.81204447534,0,1
X,21.51058418288666,2000,139363.83764801873,0,0
V,7.505131584150888,1967,344355.9109575,0,1
X,26.291842522526377,1992,310346.0923850053,1,0
X,9.287153580899258,2001,282185.3200692568,0,0
X,6.008124902704294,1987,376768.59024096705,0,0
X,2.54575330664803,1971,106730.45480497935,0,0
A,15.345934099129424,1990,208393.39256629237,0,1
V,13.52212763454862,2007,410957.09251505113,0,1
V,22.539364338094288,1966,463990.8426068474,1,0
X,13.93807761579109,1991,275334.6384950327,0,0
X,10.314479067731131,1999,132593.59205538654,0,0
A,7.849647468988322,1973,419491.4956913952,0,0
V,8.344402364099132,1978,454068.17330909346,0,1
V,27.83543705483442,2014,265464.1082774878,0,0
V,4.95235806263437,1976,197342.1015681108,0,0
X,29.645292736714506,1993,117588.66728917812,0,0
A,9.807583655766743,1960,336433.12875794235,0,1
A,2.651707062524924,2017,463947.7962249997,0,1
A,7.460711423635949,1993,371155.21020813024,0,1
A,1.752431386638561,2005,226899.43915789376,0,1
A,23.700893074917477,1993,357155.32971598674,0,1
V,15.376587376233164,1975,432827.36297921016,0,1
A,10.109598566004028,1974,290332.02373978315,1,1
A,19.861488138946875,2001,427899.39599913545,0,0
V,18.919395778509607,2012,256763.87066654165,0,0
X,28.196162676827708,1959,239402.27143830826,0,0
V,28.837815502451388,2011,333195.4503514216,1,0
X,20.420513269962157,2010,285874.5670777925,0,0
V,24.534477817325055,1957,490844.7681844333,0,0
X,23.772753010055357,1957,306555.7694112699,0,0
X,14.739105980996994,2000,254068.8115664086,0,0
V,21.13374864100251,2011,257973.4172514145,0,0
X,2.3477702305071055,1978,319175.98024524667,0,0
X,22.740632494509207,1996,241964.81520327815,1,0
X,28.85499021577103,2022,389162.6407859744,0,0
A,2.549242593772153,1973,252265.17108065635,0,1
V,25.083473537755637,1966,253657.75461009724,0,0
A,27.989400799478137,2022,346789.2997507219,1,0
A,6.785666694061863,1970,124338.74907840398,0,1
A,15.744335628276113,1984,362141.96724605846,0,0
V,27.835746763889652,1982,301988.88686347485,0,0
X,28.80678013568904,1988,281210.4457146566,0,0
X,3.836471530569491,1969,387701.19628318056,0,0
V,10.470126766663519,1999,403302.3128019444,0,1
A,20.9443392345257,2000,438504.3453649837,1,0
V,6.646754981577909,1964,249921.2483269789,1,0
X,9.743118859034425,1985,230815.07690135244,1,0
A,0.6987318001407983,1954,385736.8405978078,0,1
X,4.6056504279359665,1966,332721.94365617837,0,1
V,16.869884832532314,2022,352720.61854072666,0,1
A,19.592701989125484,1986,322209.16284233413,0,1
X,19.467354932875107,1995,409077.2092815418,0,0
A,23.3508141233465,2014,176016.35539686127,0,1
X,12.458442412163745,2002,322284.8530965587,0,1
X,8.204721487234664,2007,163240.71557745192,0,1
X,0.4674210012757496,2001,262900.77571639675,0,0
X,6.198894781571607,1986,365597.52936642995,0,0
A,9.371634366061118,1996,297228.6433256682,0,1
X,5.346205694413966,1971,251836.6146688725,0,0
X,0.6043341448980677,2015,453988.00056624244,0,1
X,4.723428259955748,1963,409130.28579899133,0,1
A,19.98298660702717,2014,310516.31400014996,0,1
X,18.887562494177875,2014,480021.2622701952,0,0
X,28.070509181941272,1960,269746.1157739975,1,0
A,23.94504874191928,2001,415229.1710352424,1,1
A,17.032683505235735,2022,167174.49592056716,1,1
X,4.12669042479634,1991,214316.99084423878,1,0
V,16.922154567754706,1974,235234.23253358193,0,1
A,1.847851827425423,2014,142328.30108180933,1,0
V,12.926546922325583,1987,300721.92603042716,1,0
X,11.707758868415862,1958,176904.05365059827,0,0
V,12.83441428088825,1968,353674.3557798634,1,1
X,8.394777551843616,1999,176036.94382920733,0,1
X,20.574913428714712,1983,149402.50293571013,0,0
X,25.228334018963384,1965,487634.69103956985,1,0
V,23.055509777969327,2008,363296.1223244425,0,0
X,18.83256287372641,1958,474580.3658833954,0,0
X,16.1503439799904,1965,295955.1167972928,0,0
X,0.9325254002409111,1983,113360.9852253497,0,0
V,21.688019960757636,1952,329748.46817257756,1,0
A,16.349488187354922,1978,323331.55473428336,1,0
X,8.122231519916607,2016,105990.24237463759,0,1
X,9.83526116560325,2018,444496.81776073267,1,0
V,28.068203594092243,2013,347988.27224656986,0,0
X,18.73086735351681,1973,397876.46775045845,1,0
X,14.277373039725848,1954,297568.44246300583,0,1
V,18.62765219125223,2009,347360.9751633052,0,1
X,12.41226974956971,1977,202987.95729140966,0,0
A,14.105468196090486,2004,489503.10710745887,0,1
A,8.70927770123011,1958,260288.00301906606,0,1
A,13.195599017749336,1998,164930.64853505165,0,1
A,20.567766973137314,1992,122366.16734985093,0,1
X,1.1982577525940763,2017,354468.77323414845,0,1
V,23.850822218884645,1957,493351.9404705823,0,1
V,8.489386225839384,1979,458317.7987385127,0,1
A,20.476793802974992,2022,380841.82699456543,0,0
X,19.2817594404018,1978,496239.17159714433,0,0
A,19.57884147423916,1998,389131.3048168426,0,1
V,18.243867487674088,1961,235700.44936055838,0,0
A,28.773055142086047,2003,340487.25322406925,0,1
X,15.250324880861726,1970,131906.6569942246,0,1
X,21.96957346546054,1991,188672.99608901632,1,0
X,21.16347993703733,2014,267016.0943713969,0,0
X,7.088027318349911,1998,180727.3974252181,0,1
V,8.499175175604769,1984,481400.40593126824,1,1
A,12.720512944709036,1963,498239.01069785975,0,1
V,8.330937913896276,1974,248374.36804866616,0,1
X,11.002292967898791,2011,383691.59443087946,0,0
V,11.728818417849178,1965,263108.2922652962,0,0
V,18.115936828150318,1997,155803.68175448256,0,0
V,6.596701282051849,1985,234770.73908084343,0,1
A,24.12875597630062,1973,193348.6794862653,1,1
A,13.126090703145138,2002,231231.2881629679,1,0
A,21.187323350497405,1976,186008.6753590866,0,1
A,2.4432744372245363,1970,144938.04762329857,0,1
X,14.098961823731006,1988,186971.37174496514,0,0
V,0.8465859653198493,2005,462302.8127319371,0,1
V,20.27729975446694,2013,134088.6703106115,1,0
X,10.311302309912087,1995,229902.65750209382,0,0
X,28.477584423174857,1998,311379.9578010541,0,0
V,9.723726438042581,2007,241805.06247134274,0,1
V,16.914176940531807,1969,307042.8380075549,0,1
A,7.72162727083844,1968,117368.02409374158,0,1
X,18.603378868420208,1985,359427.8533457511,0,0
V,14.011270503997038,1996,325391.5206224241,0,0
X,11.118847845168986,1997,372386.50634187664,0,0
X,6.110680472405397,1961,326903.12633089477,1,0
V,3.345640319143659,2006,275161.4329702653,0,0
V,3.596374018700198,1976,240056.616917633,0,1
V,29.971200525166594,2014,190574.0760399105,0,1
V,12.36932180571704,2002,300027.09072264505,0,1
A,0.05789123620018377,2021,110420.98095100278,1,1
X,28.58786371878043,1996,231296.3312397303,0,0
X,0.5993977268943795,1988,371148.91742581176,0,0
X,12.55758376663601,1963,143486.8158745437,0,1
X,21.524327579119678,1979,125156.49692781143,0,0
X,27.43797733115285,2012,360871.4421165461,1,0
X,21.38658874296303,1977,259109.8884569401,0,1
V,13.908772647000355,1953,420730.0146197524,0,0
X,29.233261169523104,1967,474924.5215885296,0,1
X,1.1795814909981128,1993,482816.1814930308,0,0
A,29.60676607614024,1995,270237.1415576717,0,1
A,25.481746551253167,2021,205730.88971001294,0,0
V,27.867900513790776,2018,343445.4954969912,0,1
X,7.643172722926099,1988,351277.17037129455,0,0
A,4.273742168528093,1990,348937.9744303587,0,1
V,19.899458381181002,2008,228711.44548755247,0,1
X,15.4757831395836,1953,125500.69456692121,0,1
A,15.695038822331384,1993,184001.9355302396,0,1
X,27.73857535449653,1984,161767.7712088935,0,0
A,18.602427199597866,2007,149560.13831332407,0,0
X,9.331915053137697,2008,470513.3284286292,0,0
A,12.00199669253628,1997,105539.05838958717,0,1
A,4.004875052755538,1997,340743.09569452866,0,1
A,5.76942120827068,2000,478989.51829605474,0,1
X,4.300502106286155,1992,244021.25099765116,0,0
A,24.308740236340636,1966,310839.235668985,1,0
V,21.146204039163564,1970,378313.4653900639,0,1
A,15.910350528325555,2004,226867.87786329555,0,1
X,11.231035008827122,1995,291060.7950828996,1,0
X,20.054828709730515,1967,426841.1401331008,0,0
X,24.38716043087283,2014,398142.2661121054,0,0
A,26.436996470151268,2021,423379.7645971363,1,0
V,16.410486846190008,1995,494936.0654510624,0,0
V,24.596553654591027,1966,248130.9899744716,0,0
A,15.339178602380851,2018,398836.50517430925,0,1
A,14.235902675636726,1967,341113.82684079313,0,1
V,25.962955668663007,1981,366641.90688847855,0,0
X,11.59121808793992,2012,395949.5619331738,0,0
A,11.877380371221069,1988,399892.5267785259,0,0
A,9.147340358547485,1967,454298.0597179278,0,0
X,15.5610518488385,1955,239728.67009442215,0,0
V,16.345501010683822,1976,361392.5424447642,0,1
X,19.81383435931371,1999,212116.17263874234,1,0
V,12.915069303287115,2002,337827.4820467901,0,1
X,6.5351187565079805,1966,400470.05606877117,0,0
X,26.005261872416277,1961,416400.4344646561,0,0
X,10.38002601714043,2001,268049.8011956491,0,1
X,27.68830259520524,1961,303488.0892805439,0,0
A,6.220599990793673,1954,233539.94046806914,0,1
A,16.801724287086913,1985,167614.5386158522,0,1
X,16.098452805883568,1991,204206.96207701287,0,0
V,24.85943543780986,1967,464854.80195992975,1,1
A,4.165541602524892,1965,223587.81696372636,0,0
X,27.29811518752384,1967,489903.73341824405,0,0
X,15.942845165162105,1975,196591.2340861527,0,0
X,17.583281517430994,1950,389228.4349924179,0,1
V,15.304988798933012,1950,329561.31742873427,0,0
V,1.080747205087994,1977,378748.0198099194,1,1
V,14.912719854197944,1951,357583.1786436724,1,0
A,7.906489880309716,1973,382699.43343903567,1,1
X,10.280645411334943,1992,462218.8193741836,0,1
X,19.473047975614197,1952,325387.7984249926,0,0
A,14.930913884223179,1995,127139.51316159808,0,1
A,2.7965463800238135,1995,208330.17377875984,1,0
A,2.1912382428527675,1991,383287.59216350556,0,1
X,5.56973086852111,1995,297629.85119026934,0,1
X,5.72655439716671,2009,319420.7930478747,0,0
A,18.249022709140945,1955,338632.18215211655,0,1
V,5.3344339213662835,1962,253051.709193828,0,0
V,26.45158269824312,1973,409558.2100351421,0,0
A,6.2928198184023945,2000,389413.9535586194,0,0
V,2.7339433627914786,2013,385719.7648772455,0,0
A,26.272380490789406,2017,386124.06961397786,0,1
V,8.859827282301989,1992,456143.2006616991,0,1
V,12.762678895012074,1979,338157.1117773098,0,1
A,28.77079152037327,1980,486828.87979878334,0,0
V,28.331076574733213,1954,147677.07375625515,0,1
V,21.447506677947533,1983,352783.59063754574,1,1
V,2.0681685519766413,1987,386770.61837431823,0,0
V,17.800203762341923,1965,290888.1643817438,0,0
X,29.672338051267737,2006,215283.35458277457,0,1
A,28.407486852719416,2009,320014.9810844396,0,1
V,3.1800747755982863,1972,245899.07211628108,0,1
X,11.87901909271106,2016,463649.62842712656,0,1
X,9.466102377085178,1957,242716.96501330196,0,0
X,3.8918432071471667,2016,170282.79708085163,0,0
X,20.843949337462828,2006,330555.65606618114,0,1
A,8.215450930807101,1966,258397.03655214774,0,1
V,10.345974093758933,1997,138359.25792033641,0,1
A,2.710766301042539,1972,325936.94039916334,0,1
V,14.93902676335997,2008,315138.5644662806,0,1
V,4.745035909561695,1961,169278.83465327806,0,0
X,12.962712707384673,1967,339055.26758393715,1,0
X,4.300266663099045,1972,326943.5895429956,0,0
X,28.615496698504373,1964,409445.0492166364,1,0
V,4.349475995914278,1974,244627.97193705375,0,0
V,15.656614615518997,1993,199503.8094654557,1,1
X,5.909394759569625,1996,480487.9547883102,0,0
A,2.290854104178277,1990,324487.00911311526,0,1
A,6.069258565262945,1963,110855.98355367212,0,1
X,1.6432232217130827,1964,428284.6736446973,0,0
V,4.181921493629664,2017,178703.2243675763,1,1
V,14.804524732896509,1968,414414.5270583374,0,1
A,19.554465631727226,1957,382064.97086238593,0,1
V,2.6201944521535037,1983,487525.4897052629,0,1
X,13.230558717128055,1950,486231.7206378105,0,0
V,17.437410685600558,1975,209764.24986230396,0,1
A,7.026770286331844,2012,406579.8324893674,1,1
X,11.162352345480762,1969,226742.0343119696,0,1
V,2.1550460920082593,2001,351679.17553183774,0,1
A,6.603932406992847,1985,339098.43398183724,0,1
X,14.0025877775682,1975,121817.40624846586,1,1
V,29.713265367759668,1998,102072.69993414303,0,0
A,29.887951888174,1993,123105.6058379238,0,0
A,29.38865043372864,1973,151176.81901269645,1,0
X,12.692591589009828,1966,203060.99653910947,0,1
X,2.4204113524399506,2016,462782.08929702494,0,1
A,9.707203117480006,1962,307453.0701386745,0,1
X,7.131431261129318,2020,418756.6955363155,0,1
V,0.4237972472956375,1984,435324.70084288326,1,0
A,2.8570083086512623,2022,393977.2394362165,1,1
X,13.595758051471982,1975,256554.04976822878,0,1
V,10.18987391412891,1991,445543.7575363931,1,1
X,5.410611649034491,1994,396819.9013283682,0,1
