date,close,return,lag1,lag2,lag3,next_return
2021-01-01,99.33356305988892,0.0,0.0,0.0,0.0,0.0011491126772087412
2021-01-02,99.44770851647334,0.0011491126772087412,0.0,0.0,0.0,-0.018934094772617427
2021-01-03,97.5647561785028,-0.018934094772617427,0.0011491126772087412,0.0,0.0,-0.019713832569494882
2021-01-04,95.6413809105162,-0.019713832569494882,-0.018934094772617427,0.0011491126772087412,0.0,-0.0145734475350916
2021-01-05,94.24755626363309,-0.0145734475350916,-0.019713832569494882,-0.018934094772617427,0.0011491126772087412,-0.008317395816319184
2021-01-06,93.46366203346764,-0.008317395816319184,-0.0145734475350916,-0.019713832569494882,-0.018934094772617427,-0.007675796888007902
2021-01-07,92.74625394728933,-0.007675796888007902,-0.008317395816319184,-0.0145734475350916,-0.019713832569494882,-0.004745492407535301
2021-01-08,92.30612730335513,-0.004745492407535301,-0.007675796888007902,-0.008317395816319184,-0.0145734475350916,-0.0018867168731480088
2021-01-09,92.13197177547694,-0.0018867168731480088,-0.004745492407535301,-0.007675796888007902,-0.008317395816319184,-0.009315738095222903
2021-01-10,91.27369445622013,-0.009315738095222903,-0.0018867168731480088,-0.004745492407535301,-0.007675796888007902,0.0002330717832719209
2021-01-11,91.29496777895285,0.0002330717832719209,-0.009315738095222903,-0.0018867168731480088,-0.004745492407535301,0.006677353537531516
2021-01-12,91.90457655501048,0.006677353537531516,0.0002330717832719209,-0.009315738095222903,-0.0018867168731480088,0.003143309648242276
2021-01-13,92.19346109721347,0.003143309648242276,0.006677353537531516,0.0002330717832719209,-0.009315738095222903,0.009738617347075262
2021-01-14,93.0912979367417,0.009738617347075262,0.003143309648242276,0.006677353537531516,0.0002330717832719209,0.019842399123326304
2021-01-15,94.938452625311,0.019842399123326304,0.009738617347075262,0.003143309648242276,0.006677353537531516,-0.006455153258766222
2021-01-16,94.3256103634645,-0.006455153258766222,0.019842399123326304,0.009738617347075262,0.003143309648242276,0.017165766472433175
2021-01-17,95.94478176333347,0.017165766472433175,-0.006455153258766222,0.019842399123326304,0.009738617347075262,-0.010872042678651384
2021-01-18,94.90166600120861,-0.010872042678651384,0.017165766472433175,-0.006455153258766222,0.019842399123326304,-0.0004796452578578192
2021-01-19,94.85614686714833,-0.0004796452578578192,-0.010872042678651384,0.017165766472433175,-0.006455153258766222,0.010813748683617508
2021-01-20,95.88189740046599,0.010813748683617508,-0.0004796452578578192,-0.010872042678651384,0.017165766472433175,0.01441551314525924
2021-01-21,97.2640841528348,0.01441551314525924,0.010813748683617508,-0.0004796452578578192,-0.010872042678651384,0.0072589620057972315
2021-01-22,97.97012044422888,0.0072589620057972315,0.01441551314525924,0.010813748683617508,-0.0004796452578578192,0.0074228840759302805
2021-01-23,98.69734129119132,0.0074228840759302805,0.0072589620057972315,0.01441551314525924,0.010813748683617508,0.013608437341904756
2021-01-24,100.04045787596509,0.013608437341904756,0.0074228840759302805,0.0072589620057972315,0.01441551314525924,0.0011301540872992177
2021-01-25,100.1535190083289,0.0011301540872992177,0.013608437341904756,0.0074228840759302805,0.0072589620057972315,0.007105764618726695
2021-01-26,100.86518634013926,0.007105764618726695,0.0011301540872992177,0.013608437341904756,0.0074228840759302805,-0.006686055863160623
2021-01-27,100.19079606962099,-0.006686055863160623,0.007105764618726695,0.0011301540872992177,0.013608437341904756,-0.015312094378193253
2021-01-28,98.65666514437663,-0.015312094378193253,-0.006686055863160623,0.007105764618726695,0.0011301540872992177,-0.021591148392477333
2021-01-29,96.52655444733745,-0.021591148392477333,-0.015312094378193253,-0.006686055863160623,0.007105764618726695,0.015896977428528913
2021-01-30,98.06103490464044,0.015896977428528913,-0.021591148392477333,-0.015312094378193253,-0.006686055863160623,0.006907326025410221
2021-01-31,98.73837444311593,0.006907326025410221,0.015896977428528913,-0.021591148392477333,-0.015312094378193253,-0.005215317922573348
2021-02-01,98.22342242923699,-0.005215317922573348,0.006907326025410221,0.015896977428528913,-0.021591148392477333,-0.006430037772083952
2021-02-02,97.59184211291364,-0.006430037772083952,-0.005215317922573348,0.006907326025410221,0.015896977428528913,-0.005788041077434025
2021-02-03,97.02697652194163,-0.005788041077434025,-0.006430037772083952,-0.005215317922573348,0.006907326025410221,-0.012376208581391102
2021-02-04,95.82615042248435,-0.012376208581391102,-0.005788041077434025,-0.006430037772083952,-0.005215317922573348,-0.009211642726389746
2021-02-05,94.94343416094713,-0.009211642726389746,-0.012376208581391102,-0.005788041077434025,-0.006430037772083952,-0.004696099513719076
2021-02-06,94.4975703459531,-0.004696099513719076,-0.009211642726389746,-0.012376208581391102,-0.005788041077434025,0.011025880742689287
2021-02-07,95.53948928706147,0.011025880742689287,-0.004696099513719076,-0.009211642726389746,-0.012376208581391102,0.003278034774482741
2021-02-08,95.85267105528078,0.003278034774482741,0.011025880742689287,-0.004696099513719076,-0.009211642726389746,-0.01635800755805905
2021-02-09,94.28471233769835,-0.01635800755805905,0.003278034774482741,0.011025880742689287,-0.004696099513719076,0.01219415163349491
2021-02-10,95.4344344166647,0.01219415163349491,-0.01635800755805905,0.003278034774482741,0.011025880742689287,0.0090745624104136
2021-02-11,96.30046014788124,0.0090745624104136,0.01219415163349491,-0.01635800755805905,0.003278034774482741,0.001675134426890601
2021-02-12,96.46177636400036,0.001675134426890601,0.0090745624104136,0.01219415163349491,-0.01635800755805905,0.0005447650265169024
2021-02-13,96.51432536615916,0.0005447650265169024,0.001675134426890601,0.0090745624104136,0.01219415163349491,0.005048163388797544
2021-02-14,97.0015454499671,0.005048163388797544,0.0005447650265169024,0.001675134426890601,0.0090745624104136,0.00157667224903979
2021-02-15,97.15448509479204,0.00157667224903979,0.005048163388797544,0.0005447650265169024,0.001675134426890601,-0.0076827390742570945
2021-02-16,96.40807253591495,-0.0076827390742570945,0.00157667224903979,0.005048163388797544,0.0005447650265169024,0.019247886022108585
2021-02-17,98.26372412769742,0.019247886022108585,-0.0076827390742570945,0.00157667224903979,0.005048163388797544,0.009190988733433603
2021-02-18,99.16686490906031,0.009190988733433603,0.019247886022108585,-0.0076827390742570945,0.00157667224903979,0.004042145579298273
2021-02-19,99.56771181366534,0.004042145579298273,0.009190988733433603,0.019247886022108585,-0.0076827390742570945,-0.008085358822091715
2021-02-20,98.76267113655723,-0.008085358822091715,0.004042145579298273,0.009190988733433603,0.019247886022108585,-0.011096314592580425
2021-02-21,97.66676946762243,-0.011096314592580425,-0.008085358822091715,0.004042145579298273,0.009190988733433603,0.009609401933950323
2021-02-22,98.60528871102728,0.009609401933950323,-0.011096314592580425,-0.008085358822091715,0.004042145579298273,0.003241532795631441
2021-02-23,98.9249209882068,0.003241532795631441,0.009609401933950323,-0.011096314592580425,-0.008085358822091715,0.0053819190510489
2021-02-24,99.45732690509672,0.0053819190510489,0.003241532795631441,0.009609401933950323,-0.011096314592580425,-0.010256635959193905
2021-02-25,98.4372293095566,-0.010256635959193905,0.0053819190510489,0.003241532795631441,0.009609401933950323,0.0005895624623550866
2021-02-26,98.49526420485576,0.0005895624623550866,-0.010256635959193905,0.0053819190510489,0.003241532795631441,-0.012195332888428556
2021-02-27,97.29408166994382,-0.012195332888428556,0.0005895624623550866,-0.010256635959193905,0.0053819190510489,-0.004198817595901461
2021-02-28,96.88556156785098,-0.004198817595901461,-0.012195332888428556,0.0005895624623550866,-0.010256635959193905,-0.0003977779920383284
2021-03-01,96.84702262371302,-0.0003977779920383284,-0.004198817595901461,-0.012195332888428556,0.0005895624623550866,0.014332906591453476
2021-03-02,98.23512195263908,0.014332906591453476,-0.0003977779920383284,-0.004198817595901461,-0.012195332888428556,-0.007337677145561217
2021-03-03,97.51430434339578,-0.007337677145561217,0.014332906591453476,-0.0003977779920383284,-0.004198817595901461,-0.01135850116478887
2021-03-04,96.40668800392774,-0.01135850116478887,-0.007337677145561217,0.014332906591453476,-0.0003977779920383284,0.005923638753185578
2021-03-05,96.97776639705408,0.005923638753185578,-0.01135850116478887,-0.007337677145561217,0.014332906591453476,0.007735288238021276
2021-03-06,97.72791737281479,0.007735288238021276,0.005923638753185578,-0.01135850116478887,-0.007337677145561217,-0.015212165618546991
2021-03-07,96.24126410818386,-0.015212165618546991,0.007735288238021276,0.005923638753185578,-0.01135850116478887,0.006274858376995152
2021-03-08,96.8451644104857,0.006274858376995152,-0.015212165618546991,0.007735288238021276,0.005923638753185578,0.011586794555909385
2021-03-09,97.96728943424326,0.011586794555909385,0.006274858376995152,-0.015212165618546991,0.007735288238021276,-0.0031616416751401033
2021-03-10,97.65755196916744,-0.0031616416751401033,0.011586794555909385,0.006274858376995152,-0.015212165618546991,0.0020118515158606964
2021-03-11,97.85402446313186,0.0020118515158606964,-0.0031616416751401033,0.011586794555909385,0.006274858376995152,0.00866194242376106
2021-03-12,98.70163038896482,0.00866194242376106,0.0020118515158606964,-0.0031616416751401033,0.011586794555909385,0.007118733059975124
2021-03-13,99.40426094828818,0.007118733059975124,0.00866194242376106,0.0020118515158606964,-0.0031616416751401033,-0.0008201114295361966
2021-03-14,99.3227383777399,-0.0008201114295361966,0.007118733059975124,0.00866194242376106,0.0020118515158606964,-0.0026399345407324137
2021-03-15,99.06053285001637,-0.0026399345407324137,-0.0008201114295361966,0.007118733059975124,0.00866194242376106,0.002756670398473604
2021-03-16,99.33361008858103,0.002756670398473604,-0.0026399345407324137,-0.0008201114295361966,0.007118733059975124,0.005525082046661245
2021-03-17,99.8824364343115,0.005525082046661245,0.002756670398473604,-0.0026399345407324137,-0.0008201114295361966,-0.002369639134064294
2021-03-18,99.64575110413107,-0.002369639134064294,0.005525082046661245,0.002756670398473604,-0.0026399345407324137,-0.007510662019595382
2021-03-19,98.89734554589921,-0.007510662019595382,-0.002369639134064294,0.005525082046661245,0.002756670398473604,0.006106703658855128
2021-03-20,99.50128232779541,0.006106703658855128,-0.007510662019595382,-0.002369639134064294,0.005525082046661245,0.007897877259916086
2021-03-21,100.2871312428246,0.007897877259916086,0.006106703658855128,-0.007510662019595382,-0.002369639134064294,0.0095843962618134
2021-03-22,101.24832284861631,0.0095843962618134,0.007897877259916086,0.006106703658855128,-0.007510662019595382,-0.00398262980048758
2021-03-23,100.84508826079002,-0.00398262980048758,0.0095843962618134,0.007897877259916086,0.006106703658855128,0.015325077237406726
2021-03-24,102.39054702739972,0.015325077237406726,-0.00398262980048758,0.0095843962618134,0.007897877259916086,0.0227222826009974
2021-03-25,104.71709397262701,0.0227222826009974,0.015325077237406726,-0.00398262980048758,0.0095843962618134,-0.0072549272367746775
2021-03-26,103.95737907540911,-0.0072549272367746775,0.0227222826009974,0.015325077237406726,-0.00398262980048758,0.0028000768905827034
2021-03-27,104.2484677301637,0.0028000768905827034,-0.0072549272367746775,0.0227222826009974,0.015325077237406726,0.005591098848421572
2021-03-28,104.83133121803954,0.005591098848421572,0.0028000768905827034,-0.0072549272367746775,0.0227222826009974,-0.018942632711994367
2021-03-29,102.84554981406679,-0.018942632711994367,0.005591098848421572,0.0028000768905827034,-0.0072549272367746775,-0.003940172495232486
2021-03-30,102.44032060743234,-0.003940172495232486,-0.018942632711994367,0.005591098848421572,0.0028000768905827034,-0.011941754099279334
2021-03-31,101.21700348888704,-0.011941754099279334,-0.003940172495232486,-0.018942632711994367,0.005591098848421572,-0.005402643211944169
2021-04-01,100.67016413205448,-0.005402643211944169,-0.011941754099279334,-0.003940172495232486,-0.018942632711994367,-0.013529806477067363
2021-04-02,99.30811629333317,-0.013529806477067363,-0.005402643211944169,-0.011941754099279334,-0.003940172495232486,-0.005848527640629708
2021-04-03,98.72731003025274,-0.005848527640629708,-0.013529806477067363,-0.005402643211944169,-0.011941754099279334,-0.0022408231564349235
2021-04-04,98.50607958776442,-0.0022408231564349235,-0.005848527640629708,-0.013529806477067363,-0.005402643211944169,-0.004129267624021549
2021-04-05,98.09932162255338,-0.004129267624021549,-0.0022408231564349235,-0.005848527640629708,-0.013529806477067363,0.010965908455418116
2021-04-06,99.17506980300492,0.010965908455418116,-0.004129267624021549,-0.0022408231564349235,-0.005848527640629708,-0.002124746237842756
2021-04-07,98.96434794655319,-0.002124746237842756,0.010965908455418116,-0.004129267624021549,-0.0022408231564349235,0.005886365575826558
2021-04-08,99.54688827753989,0.005886365575826558,-0.002124746237842756,0.010965908455418116,-0.004129267624021549,0.003980788873007235
2021-04-09,99.94316342273763,0.003980788873007235,0.005886365575826558,-0.002124746237842756,0.010965908455418116,-0.001642955505073318
2021-04-10,99.7789612521978,-0.001642955505073318,0.003980788873007235,0.005886365575826558,-0.002124746237842756,-0.0020267013579184923
2021-04-11,99.57673909593628,-0.0020267013579184923,-0.001642955505073318,0.003980788873007235,0.005886365575826558,0.007872335803800201
2021-04-12,100.36064062434689,0.007872335803800201,-0.0020267013579184923,-0.001642955505073318,0.003980788873007235,0.006427395985118212
2021-04-13,101.0056982029597,0.006427395985118212,0.007872335803800201,-0.0020267013579184923,-0.001642955505073318,0.011287775076284534
2021-04-14,102.14582780569779,0.011287775076284534,0.006427395985118212,0.007872335803800201,-0.0020267013579184923,-0.007974163048227845
2021-04-15,101.33130032007895,-0.007974163048227845,0.011287775076284534,0.006427395985118212,0.007872335803800201,0.003783440722560316
2021-04-16,101.71468128817993,0.003783440722560316,-0.007974163048227845,0.011287775076284534,0.006427395985118212,-0.001187377161471992
2021-04-17,101.59390759863194,-0.001187377161471992,0.003783440722560316,-0.007974163048227845,0.011287775076284534,0.0009656365519983279
2021-04-18,101.69201038926951,0.0009656365519983279,-0.001187377161471992,0.003783440722560316,-0.007974163048227845,0.007327673774280674
2021-04-19,102.43717626685284,0.007327673774280674,0.0009656365519983279,-0.001187377161471992,0.003783440722560316,0.015618117092374817
2021-04-20,104.0370520804008,0.015618117092374817,0.007327673774280674,0.0009656365519983279,-0.001187377161471992,-0.014043472253773448
2021-04-21,102.5760106261453,-0.014043472253773448,0.015618117092374817,0.007327673774280674,0.0009656365519983279,-0.007820547577807146
2021-04-22,101.77381005470188,-0.007820547577807146,-0.014043472253773448,0.015618117092374817,0.007327673774280674,0.00971779314492327
2021-04-23,102.76282688838418,0.00971779314492327,-0.007820547577807146,-0.014043472253773448,0.015618117092374817,0.0040987340067615285
2021-04-24,103.18402438158256,0.0040987340067615285,0.00971779314492327,-0.007820547577807146,-0.014043472253773448,0.01575273409415634
2021-04-25,104.80945488043058,0.01575273409415634,0.0040987340067615285,0.00971779314492327,-0.007820547577807146,0.008588977415462828
2021-04-26,105.70966092132556,0.008588977415462828,0.01575273409415634,0.0040987340067615285,0.00971779314492327,0.0019910846068214028
2021-04-27,105.92013779997833,0.0019910846068214028,0.008588977415462828,0.01575273409415634,0.0040987340067615285,0.005330108996078442
2021-04-28,106.48470367933187,0.005330108996078442,0.0019910846068214028,0.008588977415462828,0.01575273409415634,0.019771929115074638
2021-04-29,108.59011169231935,0.019771929115074638,0.005330108996078442,0.0019910846068214028,0.008588977415462828,-0.0034799730364168946
2021-04-30,108.21222103160858,-0.0034799730364168946,0.019771929115074638,0.005330108996078442,0.0019910846068214028,0.000597924951169837
2021-05-01,108.27692381858488,0.000597924951169837,-0.0034799730364168946,0.019771929115074638,0.005330108996078442,-0.012805287000071663
2021-05-02,106.890406733603,-0.012805287000071663,0.000597924951169837,-0.0034799730364168946,0.019771929115074638,-0.003325458727450492
2021-05-03,106.53494709765,-0.003325458727450492,-0.012805287000071663,0.000597924951169837,-0.0034799730364168946,0.0022820570144996832
2021-05-04,106.77806592096356,0.0022820570144996832,-0.003325458727450492,-0.012805287000071663,0.000597924951169837,-0.0016805626807555596
2021-05-05,106.59861868825352,-0.0016805626807555596,0.0022820570144996832,-0.003325458727450492,-0.012805287000071663,0.002375097986739627
2021-05-06,106.85180085288921,0.002375097986739627,-0.0016805626807555596,0.0022820570144996832,-0.003325458727450492,-0.012224183809357636
2021-05-07,105.54562479890262,-0.012224183809357636,0.002375097986739627,-0.0016805626807555596,0.0022820570144996832,-0.0028093611752149084
2021-05-08,105.24910901837879,-0.0028093611752149084,-0.012224183809357636,0.002375097986739627,-0.0016805626807555596,-2.4654906817134226e-05
2021-05-09,105.24651411140336,-2.4654906817134226e-05,-0.0028093611752149084,-0.012224183809357636,0.002375097986739627,6.6859885127446e-05
2021-05-10,105.25355088124691,6.6859885127446e-05,-2.4654906817134226e-05,-0.0028093611752149084,-0.012224183809357636,0.01423950607806157
2021-05-11,106.75230945875798,0.01423950607806157,6.6859885127446e-05,-2.4654906817134226e-05,-0.0028093611752149084,-0.016108273157492192
2021-05-12,105.03271409780317,-0.016108273157492192,0.01423950607806157,6.6859885127446e-05,-2.4654906817134226e-05,0.00924387883827027
2021-05-13,106.00362378097793,0.00924387883827027,-0.016108273157492192,0.01423950607806157,6.6859885127446e-05,0.0065038632218823444
2021-05-14,106.6930568510733,0.0065038632218823444,0.00924387883827027,-0.016108273157492192,0.01423950607806157,-0.0174196892793691
2021-05-15,104.83449695246154,-0.0174196892793691,0.0065038632218823444,0.00924387883827027,-0.016108273157492192,-0.00951017223945061
2021-05-16,103.83750282980746,-0.00951017223945061,-0.0174196892793691,0.0065038632218823444,0.00924387883827027,0.00481169667379211
2021-05-17,104.33713739678852,0.00481169667379211,-0.00951017223945061,-0.0174196892793691,0.0065038632218823444,0.015943065166096115
2021-05-18,106.00059117754944,0.015943065166096115,0.00481169667379211,-0.00951017223945061,-0.0174196892793691,-0.007500231926119483
2021-05-19,105.20556215941204,-0.007500231926119483,0.015943065166096115,0.00481169667379211,-0.00951017223945061,-0.0022120481998323394
2021-05-20,104.97284238502496,-0.0022120481998323394,-0.007500231926119483,0.015943065166096115,0.00481169667379211,0.00118815059029731
2021-05-21,105.09756592966991,0.00118815059029731,-0.0022120481998323394,-0.007500231926119483,0.015943065166096115,-0.010538841027782353
2021-05-22,103.98995938993025,-0.010538841027782353,0.00118815059029731,-0.0022120481998323394,-0.007500231926119483,0.0036904904218773016
2021-05-23,104.3737333390302,0.0036904904218773016,-0.010538841027782353,0.00118815059029731,-0.0022120481998323394,0.013646378326674258
2021-05-24,105.79805679154201,0.013646378326674258,0.0036904904218773016,-0.010538841027782353,0.00118815059029731,-0.004522501623359321
2021-05-25,105.319584907954,-0.004522501623359321,0.013646378326674258,0.0036904904218773016,-0.010538841027782353,-0.012152510741022637
2021-05-26,104.03968752112004,-0.012152510741022637,-0.004522501623359321,0.013646378326674258,0.0036904904218773016,0.0027625743524053448
2021-05-27,104.32710489349816,0.0027625743524053448,-0.012152510741022637,-0.004522501623359321,0.013646378326674258,5.114765185254555e-05
2021-05-28,104.33244097993803,5.114765185254555e-05,0.0027625743524053448,-0.012152510741022637,-0.004522501623359321,-0.017353359493511578
2021-05-29,102.52192262477759,-0.017353359493511578,5.114765185254555e-05,0.0027625743524053448,-0.012152510741022637,0.010433422810883997
2021-05-30,103.59157719090662,0.010433422810883997,-0.017353359493511578,5.114765185254555e-05,0.0027625743524053448,0.0094598304388116
2021-05-31,104.57153594602165,0.0094598304388116,0.010433422810883997,-0.017353359493511578,5.114765185254555e-05,0.0020249489141146437
2021-06-01,104.78328796418286,0.0020249489141146437,0.0094598304388116,0.010433422810883997,-0.017353359493511578,0.0017200149965934663
2021-06-02,104.96351679087363,0.0017200149965934663,0.0020249489141146437,0.0094598304388116,0.010433422810883997,0.000996550759806869
2021-06-03,105.06811826328358,0.000996550759806869,0.0017200149965934663,0.0020249489141146437,0.0094598304388116,-0.0004964878465274492
2021-06-04,105.01595321950835,-0.0004964878465274492,0.000996550759806869,0.0017200149965934663,0.0020249489141146437,0.0029162427152227277
2021-06-05,105.3222052280669,0.0029162427152227277,-0.0004964878465274492,0.000996550759806869,0.0017200149965934663,-0.010465625931454947
2021-06-06,104.21994242587402,-0.010465625931454947,0.0029162427152227277,-0.0004964878465274492,0.000996550759806869,-0.001454211472623923
2021-06-07,104.06838458992212,-0.001454211472623923,-0.010465625931454947,0.0029162427152227277,-0.0004964878465274492,-0.002408281510894006
2021-06-08,103.8177586234456,-0.002408281510894006,-0.001454211472623923,-0.010465625931454947,0.0029162427152227277,0.007210063540085132
2021-06-09,104.56629125970987,0.007210063540085132,-0.002408281510894006,-0.001454211472623923,-0.010465625931454947,0.0032572824367387287
2021-06-10,104.90689320370502,0.0032572824367387287,0.007210063540085132,-0.002408281510894006,-0.001454211472623923,-0.0007565580911210734
2021-06-11,104.82752504483739,-0.0007565580911210734,0.0032572824367387287,0.007210063540085132,-0.002408281510894006,-0.0007474345886516742
2021-06-12,104.74917332677613,-0.0007474345886516742,-0.0007565580911210734,0.0032572824367387287,0.007210063540085132,0.015157218305436038
2021-06-13,106.33687941420403,0.015157218305436038,-0.0007474345886516742,-0.0007565580911210734,0.0032572824367387287,0.004036823297659975
2021-06-14,106.76614260642376,0.004036823297659975,0.015157218305436038,-0.0007474345886516742,-0.0007565580911210734,0.0001265576295055304
2021-06-15,106.77965467634348,0.0001265576295055304,0.004036823297659975,0.015157218305436038,-0.0007474345886516742,-0.021942457951513283
2021-06-16,104.43664659353071,-0.021942457951513283,0.0001265576295055304,0.004036823297659975,0.015157218305436038,0.004872705925214271
2021-06-17,104.94553566019651,0.004872705925214271,-0.021942457951513283,0.0001265576295055304,0.004036823297659975,-0.01105173356341338
2021-06-18,103.78570556141032,-0.01105173356341338,0.004872705925214271,-0.021942457951513283,0.0001265576295055304,0.004819093705450639
2021-06-19,104.28585860179706,0.004819093705450639,-0.01105173356341338,0.004872705925214271,-0.021942457951513283,0.007794805920832815
2021-06-20,105.09874662988548,0.007794805920832815,0.004819093705450639,-0.01105173356341338,0.004872705925214271,-0.025942261862676785
2021-06-21,102.37224742337388,-0.025942261862676785,0.007794805920832815,0.004819093705450639,-0.01105173356341338,0.005478077633041201
2021-06-22,102.93305054222802,0.005478077633041201,-0.025942261862676785,0.007794805920832815,0.004819093705450639,0.019294514739605084
2021-06-23,104.91909380310754,0.019294514739605084,0.005478077633041201,-0.025942261862676785,0.007794805920832815,-0.0016852052701158415
2021-06-24,104.74228359329477,-0.0016852052701158415,0.019294514739605084,0.005478077633041201,-0.025942261862676785,0.016174863038196596
2021-06-25,106.43647568472426,0.016174863038196596,-0.0016852052701158415,0.019294514739605084,0.005478077633041201,-0.012083312340369301
2021-06-26,105.15037050461761,-0.012083312340369301,0.016174863038196596,-0.0016852052701158415,0.019294514739605084,-0.009037591802553813
2021-06-27,104.20006437810959,-0.009037591802553813,-0.012083312340369301,0.016174863038196596,-0.0016852052701158415,0.005033851070689321
2021-06-28,104.72459198374523,0.005033851070689321,-0.009037591802553813,-0.012083312340369301,0.016174863038196596,-0.007765126517515153
2021-06-29,103.91139227749629,-0.007765126517515153,0.005033851070689321,-0.009037591802553813,-0.012083312340369301,0.015313913014160407
2021-06-30,105.50268230001417,0.015313913014160407,-0.007765126517515153,0.005033851070689321,-0.009037591802553813,0.011429039594899049
2021-07-01,106.70847663338908,0.011429039594899049,0.015313913014160407,-0.007765126517515153,0.005033851070689321,-0.0064508126941217325
2021-07-02,106.02012023775202,-0.0064508126941217325,0.011429039594899049,0.015313913014160407,-0.007765126517515153,0.0041254248805353555
2021-07-03,106.4574982796182,0.0041254248805353555,-0.0064508126941217325,0.011429039594899049,0.015313913014160407,0.011053699471459622
2021-07-04,107.63424747208454,0.011053699471459622,0.0041254248805353555,-0.0064508126941217325,0.011429039594899049,0.007699240978018773
2021-07-05,108.46294948085983,0.007699240978018773,0.011053699471459622,0.0041254248805353555,-0.0064508126941217325,0.009665325056875451
2021-07-06,109.5112791442198,0.009665325056875451,0.007699240978018773,0.011053699471459622,0.0041254248805353555,-0.0011007944999349428
2021-07-07,109.390729730457,-0.0011007944999349428,0.009665325056875451,0.007699240978018773,0.011053699471459622,-0.0049177044996189245
2021-07-08,108.85277844664493,-0.0049177044996189245,-0.0011007944999349428,0.009665325056875451,0.007699240978018773,0.006812760616134561
2021-07-09,109.59436636860306,0.006812760616134561,-0.0049177044996189245,-0.0011007944999349428,0.009665325056875451,-0.01236623255663205
2021-07-10,108.23909694719218,-0.01236623255663205,0.006812760616134561,-0.0049177044996189245,-0.0011007944999349428,0.0015978901300053305
2021-07-11,108.4120511318848,0.0015978901300053305,-0.01236623255663205,0.006812760616134561,-0.0049177044996189245,0.006183892249411516
2021-07-12,109.08245957462206,0.006183892249411516,0.0015978901300053305,-0.01236623255663205,0.006812760616134561,-0.0072323254463206865
2021-07-13,108.29353972649328,-0.0072323254463206865,0.006183892249411516,0.0015978901300053305,-0.01236623255663205,-0.004484692703198845
2021-07-14,107.8078764790783,-0.004484692703198845,-0.0072323254463206865,0.006183892249411516,0.0015978901300053305,0.013459734447501592
2021-07-15,109.25894186783576,0.013459734447501592,-0.004484692703198845,-0.0072323254463206865,0.006183892249411516,-0.00674363032458658
2021-07-16,108.52213995422358,-0.00674363032458658,0.013459734447501592,-0.004484692703198845,-0.0072323254463206865,0.0007264766313646032
2021-07-17,108.600978752886,0.0007264766313646032,-0.00674363032458658,0.013459734447501592,-0.004484692703198845,0.0004844693104841813
2021-07-18,108.65359259418031,0.0004844693104841813,0.0007264766313646032,-0.00674363032458658,0.013459734447501592,0.004136645417870399
2021-07-19,109.10305398012018,0.004136645417870399,0.0004844693104841813,0.0007264766313646032,-0.00674363032458658,-0.0060056333944705775
2021-07-20,108.44782103569844,-0.0060056333944705775,0.004136645417870399,0.0004844693104841813,0.0007264766313646032,0.004213262774988236
2021-07-21,108.90474020309674,0.004213262774988236,-0.0060056333944705775,0.004136645417870399,0.0004844693104841813,-0.011509585049391036
2021-07-22,107.65129183344736,-0.011509585049391036,0.004213262774988236,-0.0060056333944705775,0.004136645417870399,-0.015077131852426762
2021-07-23,106.0282191123904,-0.015077131852426762,-0.011509585049391036,0.004213262774988236,-0.0060056333944705775,0.022162500878779356
2021-07-24,108.37806961164416,0.022162500878779356,-0.015077131852426762,-0.011509585049391036,0.004213262774988236,0.01721598198472929
2021-07-25,110.24390450561796,0.01721598198472929,0.022162500878779356,-0.015077131852426762,-0.011509585049391036,-0.013555967609016784
2021-07-26,108.74944170704826,-0.013555967609016784,0.01721598198472929,0.022162500878779356,-0.015077131852426762,-0.001426099184913432
2021-07-27,108.59435421687004,-0.001426099184913432,-0.013555967609016784,0.01721598198472929,0.022162500878779356,-0.007017193824667589
2021-07-28,107.83232658506566,-0.007017193824667589,-0.001426099184913432,-0.013555967609016784,0.01721598198472929,-0.00011922263891539497
2021-07-29,107.8194705305298,-0.00011922263891539497,-0.007017193824667589,-0.001426099184913432,-0.013555967609016784,0.0017363185922343316
2021-07-30,108.00667948181682,0.0017363185922343316,-0.00011922263891539497,-0.007017193824667589,-0.001426099184913432,-0.0037396065998470673
2021-07-31,107.60277699039905,-0.0037396065998470673,0.0017363185922343316,-0.00011922263891539497,-0.007017193824667589,0.013614481489010677
2021-08-01,109.06773300590099,0.013614481489010677,-0.0037396065998470673,0.0017363185922343316,-0.00011922263891539497,-0.008971174224900458
2021-08-02,108.08926737079013,-0.008971174224900458,0.013614481489010677,-0.0037396065998470673,0.0017363185922343316,-0.01237054337975596
2021-08-03,106.75214439989372,-0.01237054337975596,-0.008971174224900458,0.013614481489010677,-0.0037396065998470673,0.0018401300389629949
2021-08-04,106.94858222752768,0.0018401300389629949,-0.01237054337975596,-0.008971174224900458,0.013614481489010677,0.012051032388612049
2021-08-05,108.23742305586777,0.012051032388612049,0.0018401300389629949,-0.01237054337975596,-0.008971174224900458,-0.02589979027755651
2021-08-06,105.43409649853763,-0.02589979027755651,0.012051032388612049,0.0018401300389629949,-0.01237054337975596,0.006175040582117708
2021-08-07,106.085156323155,0.006175040582117708,-0.02589979027755651,0.012051032388612049,0.0018401300389629949,0.0007378455830491237
2021-08-08,106.16343078717512,0.0007378455830491237,0.006175040582117708,-0.02589979027755651,0.012051032388612049,0.007635194062957762
2021-08-09,106.97400918362457,0.007635194062957762,0.0007378455830491237,0.006175040582117708,-0.02589979027755651,0.010269982681288425
2021-08-10,108.0726304052884,0.010269982681288425,0.007635194062957762,0.0007378455830491237,0.006175040582117708,-0.004621421185686647
2021-08-11,107.57318126154051,-0.004621421185686647,0.010269982681288425,0.007635194062957762,0.0007378455830491237,0.008655380796958934
2021-08-12,108.50426810889944,0.008655380796958934,-0.004621421185686647,0.010269982681288425,0.007635194062957762,0.0014803577864266337
2021-08-13,108.66489324705496,0.0014803577864266337,0.008655380796958934,-0.004621421185686647,0.010269982681288425,-0.00048219285730100037
2021-08-14,108.61249581169186,-0.00048219285730100037,0.0014803577864266337,0.008655380796958934,-0.004621421185686647,-0.0052061283067308395
2021-08-15,108.04704522278192,-0.0052061283067308395,-0.00048219285730100037,0.0014803577864266337,0.008655380796958934,-0.008287030614617219
2021-08-16,107.1516560512018,-0.008287030614617219,-0.0052061283067308395,-0.00048219285730100037,0.0014803577864266337,0.014230421551926664
2021-08-17,108.67646928679744,0.014230421551926664,-0.008287030614617219,-0.0052061283067308395,-0.00048219285730100037,-0.006786406044036575
2021-08-18,107.93894663878497,-0.006786406044036575,0.014230421551926664,-0.008287030614617219,-0.0052061283067308395,-0.0015579822444761193
2021-08-19,107.77077967643429,-0.0015579822444761193,-0.006786406044036575,0.014230421551926664,-0.008287030614617219,0.005478557646773741
2021-08-20,108.36120810552939,0.005478557646773741,-0.0015579822444761193,-0.006786406044036575,0.014230421551926664,-0.012697495472206333
2021-08-21,106.98529215624662,-0.012697495472206333,0.005478557646773741,-0.0015579822444761193,-0.006786406044036575,-0.004836634496442116
2021-08-22,106.46784340159178,-0.004836634496442116,-0.012697495472206333,0.005478557646773741,-0.0015579822444761193,-0.00737372663100655
2021-08-23,105.68277862935562,-0.00737372663100655,-0.004836634496442116,-0.012697495472206333,0.005478557646773741,0.0019218328468431078
2021-08-24,105.88588326467116,0.0019218328468431078,-0.00737372663100655,-0.004836634496442116,-0.012697495472206333,-0.004533232529685405
2021-08-25,105.40587793422128,-0.004533232529685405,0.0019218328468431078,-0.00737372663100655,-0.004836634496442116,-0.004590280399908608
2021-08-26,104.92203539870466,-0.004590280399908608,-0.004533232529685405,0.0019218328468431078,-0.00737372663100655,-0.011405621373701824
2021-08-27,103.7253343891889,-0.011405621373701824,-0.004590280399908608,-0.004533232529685405,0.0019218328468431078,-0.0026608768416540585
2021-08-28,103.44933404901988,-0.0026608768416540585,-0.011405621373701824,-0.004590280399908608,-0.004533232529685405,-0.0002311605499700775
2021-08-29,103.42542064406707,-0.0002311605499700775,-0.0026608768416540585,-0.011405621373701824,-0.004590280399908608,0.0021172690479942524
2021-08-30,103.64440008597253,0.0021172690479942524,-0.0002311605499700775,-0.0026608768416540585,-0.011405621373701824,-0.00797756527373561
2021-08-31,102.81757011902953,-0.00797756527373561,0.0021172690479942524,-0.0002311605499700775,-0.0026608768416540585,-0.0038593298634269635
2021-09-01,102.42076320018415,-0.0038593298634269635,-0.00797756527373561,0.0021172690479942524,-0.0002311605499700775,0.0037514871899269053
2021-09-02,102.80499338131219,0.0037514871899269053,-0.0038593298634269635,-0.00797756527373561,0.0021172690479942524,0.0005494907166718743
2021-09-03,102.86148377080274,0.0005494907166718743,0.0037514871899269053,-0.0038593298634269635,-0.00797756527373561,-0.015210145818532528
2021-09-04,101.2969456035382,-0.015210145818532528,0.0005494907166718743,0.0037514871899269053,-0.0038593298634269635,-0.008093588755842318
2021-09-05,100.47708978360023,-0.008093588755842318,-0.015210145818532528,0.0005494907166718743,0.0037514871899269053,0.0014279551383498124
2021-09-06,100.62056656024316,0.0014279551383498124,-0.008093588755842318,-0.015210145818532528,0.0005494907166718743,0.0009518231468543803
2021-09-07,100.71633954454481,0.0009518231468543803,0.0014279551383498124,-0.008093588755842318,-0.015210145818532528,0.01489035196496502
2021-09-08,102.216041288986,0.01489035196496502,0.0009518231468543803,0.0014279551383498124,-0.008093588755842318,0.0002962685816860766
2021-09-09,102.24632469056426,0.0002962685816860766,0.01489035196496502,0.0009518231468543803,0.0014279551383498124,-0.010981133277295885
2021-09-10,101.12354417202351,-0.010981133277295885,0.0002962685816860766,0.01489035196496502,0.0009518231468543803,-0.0075441628877274125
2021-09-11,100.36065168300547,-0.0075441628877274125,-0.010981133277295885,0.0002962685816860766,0.01489035196496502,0.001220297047535901
2021-09-12,100.48312148994302,0.001220297047535901,-0.0075441628877274125,-0.010981133277295885,0.0002962685816860766,-0.007764826515739842
2021-09-13,99.7028874838136,-0.007764826515739842,0.001220297047535901,-0.0075441628877274125,-0.010981133277295885,-0.002497292307125365
2021-09-14,99.45390022990209,-0.002497292307125365,-0.007764826515739842,0.001220297047535901,-0.0075441628877274125,-0.006012300699450357
2021-09-15,98.85595347598678,-0.006012300699450357,-0.002497292307125365,-0.007764826515739842,0.001220297047535901,0.0005598357059735104
2021-09-16,98.91129656849068,0.0005598357059735104,-0.006012300699450357,-0.002497292307125365,-0.007764826515739842,0.0033078522644192088
2021-09-17,99.2384805248214,0.0033078522644192088,0.0005598357059735104,-0.006012300699450357,-0.002497292307125365,-0.00013667448662602055
2021-09-18,99.22491715644212,-0.00013667448662602055,0.0033078522644192088,0.0005598357059735104,-0.006012300699450357,0.012768411561484783
2021-09-19,100.49186173584981,0.012768411561484783,-0.00013667448662602055,0.0033078522644192088,0.0005598357059735104,-0.018148139518273765
2021-09-20,98.66812140861653,-0.018148139518273765,0.012768411561484783,-0.00013667448662602055,0.0033078522644192088,0.0018028080289993476
2021-09-21,98.84600109009826,0.0018028080289993476,-0.018148139518273765,0.012768411561484783,-0.00013667448662602055,0.00039981155288559833
2021-09-22,98.88552086329062,0.00039981155288559833,0.0018028080289993476,-0.018148139518273765,0.012768411561484783,0.00041631371916661664
2021-09-23,98.92668826225295,0.00041631371916661664,0.00039981155288559833,0.0018028080289993476,-0.018148139518273765,-0.010387497559065317
2021-09-24,97.89908752940238,-0.010387497559065317,0.00041631371916661664,0.00039981155288559833,0.0018028080289993476,-0.0070263577391549425
2021-09-25,97.21121351808395,-0.0070263577391549425,-0.010387497559065317,0.00041631371916661664,0.00039981155288559833,0.016207915625270353
2021-09-26,98.7868046646152,0.016207915625270353,-0.0070263577391549425,-0.010387497559065317,0.00041631371916661664,0.007997934550160402
2021-09-27,99.57689506274227,0.007997934550160402,0.016207915625270353,-0.0070263577391549425,-0.010387497559065317,0.00498491249278965
2021-09-28,100.07327717093374,0.00498491249278965,0.007997934550160402,0.016207915625270353,-0.0070263577391549425,0.00936213227700966
2021-09-29,101.01017642920186,0.00936213227700966,0.00498491249278965,0.007997934550160402,0.016207915625270353,-0.013341796415653584
2021-09-30,99.6625192193742,-0.013341796415653584,0.00936213227700966,0.00498491249278965,0.007997934550160402,0.011361951762179467
2021-10-01,100.79487995524201,0.011361951762179467,-0.013341796415653584,0.00936213227700966,0.00498491249278965,-0.013422234786341525
2021-10-02,99.44198741122165,-0.013422234786341525,0.011361951762179467,-0.013341796415653584,0.00936213227700966,-0.011429696010205603
2021-10-03,98.3053957244607,-0.011429696010205603,-0.013422234786341525,0.011361951762179467,-0.013341796415653584,-0.003303155639989952
2021-10-04,97.980677702132,-0.003303155639989952,-0.011429696010205603,-0.013422234786341525,0.011361951762179467,0.00949486524798715
2021-10-05,98.9109910338202,0.00949486524798715,-0.003303155639989952,-0.011429696010205603,-0.013422234786341525,-0.010501257272504838
2021-10-06,97.87230126989563,-0.010501257272504838,0.00949486524798715,-0.003303155639989952,-0.011429696010205603,0.008670731377431906
2021-10-07,98.72092570349798,0.008670731377431906,-0.010501257272504838,0.00949486524798715,-0.003303155639989952,0.016756351154170623
2021-10-08,100.37512820085058,0.016756351154170623,0.008670731377431906,-0.010501257272504838,0.00949486524798715,0.010983361278394943
2021-10-09,101.47758449724574,0.010983361278394943,0.016756351154170623,0.008670731377431906,-0.010501257272504838,0.0033915602857450544
2021-10-10,101.82175184271993,0.0033915602857450544,0.010983361278394943,0.016756351154170623,0.008670731377431906,-0.01186658283838593
2021-10-11,100.61347558972872,-0.01186658283838593,0.0033915602857450544,0.010983361278394943,0.016756351154170623,-0.005602337616887332
2021-10-12,100.04980493066661,-0.005602337616887332,-0.01186658283838593,0.0033915602857450544,0.010983361278394943,-0.009567490280537161
2021-10-13,99.09257939442281,-0.009567490280537161,-0.005602337616887332,-0.01186658283838593,0.0033915602857450544,-0.002609817591460506
2021-10-14,98.83396583753606,-0.002609817591460506,-0.009567490280537161,-0.005602337616887332,-0.01186658283838593,-0.0020741468444359645
2021-10-15,98.62896967917104,-0.0020741468444359645,-0.002609817591460506,-0.009567490280537161,-0.005602337616887332,-0.006123466578551784
2021-10-16,98.02501847966363,-0.006123466578551784,-0.0020741468444359645,-0.002609817591460506,-0.009567490280537161,0.016334610567798613
2021-10-17,99.6262189824302,0.016334610567798613,-0.006123466578551784,-0.0020741468444359645,-0.002609817591460506,0.015865212998493083
2021-10-18,101.20681016682097,0.015865212998493083,0.016334610567798613,-0.006123466578551784,-0.0020741468444359645,0.0030359098002861185
2021-10-19,101.51406491366212,0.0030359098002861185,0.015865212998493083,0.016334610567798613,-0.006123466578551784,0.0005683463515113729
2021-10-20,101.5717600620829,0.0005683463515113729,0.0030359098002861185,0.015865212998493083,0.016334610567798613,0.007195937718147194
2021-10-21,102.30266412141223,0.007195937718147194,0.0005683463515113729,0.0030359098002861185,0.015865212998493083,0.0012433960913393882
2021-10-22,102.42986685411441,0.0012433960913393882,0.007195937718147194,0.0005683463515113729,0.0030359098002861185,-0.022972273306109625
2021-10-23,100.07681995803327,-0.022972273306109625,0.0012433960913393882,0.007195937718147194,0.0005683463515113729,-0.002709864225994063
2021-10-24,99.80562536377775,-0.002709864225994063,-0.022972273306109625,0.0012433960913393882,0.007195937718147194,0.0006533958211918378
2021-10-25,99.87083794232187,0.0006533958211918378,-0.002709864225994063,-0.022972273306109625,0.0012433960913393882,0.008667598716511016
2021-10-26,100.73647828908761,0.008667598716511016,0.0006533958211918378,-0.002709864225994063,-0.022972273306109625,0.008602112198437206
2021-10-27,101.60302477780579,0.008602112198437206,0.008667598716511016,0.0006533958211918378,-0.002709864225994063,-0.013513136084018496
2021-10-28,100.2300492774354,-0.013513136084018496,0.008602112198437206,0.008667598716511016,0.0006533958211918378,-0.012919921250488908
2021-10-29,98.93508493383831,-0.012919921250488908,-0.013513136084018496,0.008602112198437206,0.008667598716511016,-0.008874244482076521
2021-10-30,98.05711080228042,-0.008874244482076521,-0.012919921250488908,-0.013513136084018496,0.008602112198437206,0.0002266221993105777
2021-10-31,98.07933272038846,0.0002266221993105777,-0.008874244482076521,-0.012919921250488908,-0.013513136084018496,-0.024961873641841326
2021-11-01,95.63108881014601,-0.024961873641841326,0.0002266221993105777,-0.008874244482076521,-0.012919921250488908,0.007479445082910319
2021-11-02,96.34635628712041,0.007479445082910319,-0.024961873641841326,0.0002266221993105777,-0.008874244482076521,-0.007467981065636731
2021-11-03,95.62684352262511,-0.007467981065636731,0.007479445082910319,-0.024961873641841326,0.0002266221993105777,-0.013745916215485598
2021-11-04,94.31236494361175,-0.013745916215485598,-0.007467981065636731,0.007479445082910319,-0.024961873641841326,-0.009079659537014284
2021-11-05,93.45604077979311,-0.009079659537014284,-0.013745916215485598,-0.007467981065636731,0.007479445082910319,0.01026782190807185
2021-11-06,94.41563076275354,0.01026782190807185,-0.009079659537014284,-0.013745916215485598,-0.007467981065636731,-0.008977541693020119
2021-11-07,93.56801050110812,-0.008977541693020119,0.01026782190807185,-0.009079659537014284,-0.013745916215485598,-0.007926600711869902
2021-11-08,92.82633424246178,-0.007926600711869902,-0.008977541693020119,0.01026782190807185,-0.009079659537014284,-0.010148730380672988
2021-11-09,91.88426480400881,-0.010148730380672988,-0.007926600711869902,-0.008977541693020119,0.01026782190807185,0.0014094658284964368
2021-11-10,92.01377253542657,0.0014094658284964368,-0.010148730380672988,-0.007926600711869902,-0.008977541693020119,0.0035881671271882354
2021-11-11,92.34393332928677,0.0035881671271882354,0.0014094658284964368,-0.010148730380672988,-0.007926600711869902,-0.004701613352029899
2021-11-12,91.90976785936684,-0.004701613352029899,0.0035881671271882354,0.0014094658284964368,-0.010148730380672988,0.008413139266718161
2021-11-13,92.68301753633942,0.008413139266718161,-0.004701613352029899,0.0035881671271882354,0.0014094658284964368,0.012011875487262902
2021-11-14,93.79631440276974,0.012011875487262902,0.008413139266718161,-0.004701613352029899,0.0035881671271882354,0.007511730195024269
2021-11-15,94.50088700985101,0.007511730195024269,0.012011875487262902,0.008413139266718161,-0.004701613352029899,0.004392358368444205
2021-11-16,94.91596877173413,0.004392358368444205,0.007511730195024269,0.012011875487262902,0.008413139266718161,-0.002326486883549861
2021-11-17,94.69514801534726,-0.002326486883549861,0.004392358368444205,0.007511730195024269,0.012011875487262902,-0.004991120481013356
2021-11-18,94.22251312263526,-0.004991120481013356,-0.002326486883549861,0.004392358368444205,0.007511730195024269,0.015363566665728356
2021-11-19,95.67010698440734,0.015363566665728356,-0.004991120481013356,-0.002326486883549861,0.004392358368444205,-0.0032119238024207464
2021-11-20,95.36282189060398,-0.0032119238024207464,0.015363566665728356,-0.004991120481013356,-0.002326486883549861,-0.0007442609008603274
2021-11-21,95.2918470708751,-0.0007442609008603274,-0.0032119238024207464,0.015363566665728356,-0.004991120481013356,0.022556143575508836
2021-11-22,97.44126365498119,0.022556143575508836,-0.0007442609008603274,-0.0032119238024207464,0.015363566665728356,-0.0016542182116325854
2021-11-23,97.28007454207862,-0.0016542182116325854,0.022556143575508836,-0.0007442609008603274,-0.0032119238024207464,0.002715108496687879
2021-11-24,97.54420049902626,0.002715108496687879,-0.0016542182116325854,0.022556143575508836,-0.0007442609008603274,-0.001702150271587266
2021-11-25,97.37816561165508,-0.001702150271587266,0.002715108496687879,-0.0016542182116325854,0.022556143575508836,0.011464043985492056
2021-11-26,98.49451318545361,0.011464043985492056,-0.001702150271587266,0.002715108496687879,-0.0016542182116325854,-0.007260393223470607
2021-11-27,97.7794042893729,-0.007260393223470607,0.011464043985492056,-0.001702150271587266,0.002715108496687879,3.5329787045457195e-05
2021-11-28,97.78285881490388,3.5329787045457195e-05,-0.007260393223470607,0.011464043985492056,-0.001702150271587266,0.008790363958860459
2021-11-29,98.64240573282476,0.008790363958860459,3.5329787045457195e-05,-0.007260393223470607,0.011464043985492056,-0.016519219100033067
2021-11-30,97.01291021996987,-0.016519219100033067,0.008790363958860459,3.5329787045457195e-05,-0.007260393223470607,0.007193261999424383
2021-12-01,97.71074950050875,0.007193261999424383,-0.016519219100033067,0.008790363958860459,3.5329787045457195e-05,-0.013347988285114631
2021-12-02,96.4065075608462,-0.013347988285114631,0.007193261999424383,-0.016519219100033067,0.008790363958860459,0.0021348717843117093
2021-12-03,96.61232309366189,0.0021348717843117093,-0.013347988285114631,0.007193261999424383,-0.016519219100033067,0.015800589383982322
2021-12-04,98.13885474029746,0.015800589383982322,0.0021348717843117093,-0.013347988285114631,0.007193261999424383,-0.004736890771677715
2021-12-05,97.67398170493513,-0.004736890771677715,0.015800589383982322,0.0021348717843117093,-0.013347988285114631,0.012590339330069922
2021-12-06,98.9037302783193,0.012590339330069922,-0.004736890771677715,0.015800589383982322,0.0021348717843117093,0.017921763227582543
2021-12-07,100.67625951469203,0.017921763227582543,0.012590339330069922,-0.004736890771677715,0.015800589383982322,-0.0017829229080698061
2021-12-08,100.4967615053045,-0.0017829229080698061,0.017921763227582543,0.012590339330069922,-0.004736890771677715,0.011928585673114389
2021-12-09,101.69554573479108,0.011928585673114389,-0.0017829229080698061,0.017921763227582543,0.012590339330069922,0.0008862007929590909
2021-12-10,101.78566840806167,0.0008862007929590909,0.011928585673114389,-0.0017829229080698061,0.017921763227582543,0.003523194667302887
2021-12-11,102.1442791322048,0.003523194667302887,0.0008862007929590909,0.011928585673114389,-0.0017829229080698061,-0.006254989734977623
2021-12-12,101.50536771474617,-0.006254989734977623,0.003523194667302887,0.0008862007929590909,0.011928585673114389,-0.008637665623438484
2021-12-13,100.62859828944202,-0.008637665623438484,-0.006254989734977623,0.003523194667302887,0.0008862007929590909,-0.0008310139454844601
2021-12-14,100.54497452094894,-0.0008310139454844601,-0.008637665623438484,-0.006254989734977623,0.003523194667302887,0.007266611318513805
2021-12-15,101.27559577082255,0.007266611318513805,-0.0008310139454844601,-0.008637665623438484,-0.006254989734977623,-0.012024905867741187
2021-12-16,100.057766264979,-0.012024905867741187,0.007266611318513805,-0.0008310139454844601,-0.008637665623438484,-0.010186510156343531
2021-12-17,99.03852681269974,-0.010186510156343531,-0.012024905867741187,0.007266611318513805,-0.0008310139454844601,0.007010391636912194
2021-12-18,99.73282567279959,0.007010391636912194,-0.010186510156343531,-0.012024905867741187,0.007266611318513805,0.006250497152912038
2021-12-19,100.35620541571929,0.006250497152912038,0.007010391636912194,-0.010186510156343531,-0.012024905867741187,0.002252290525571521
2021-12-20,100.58223674635943,0.002252290525571521,0.006250497152912038,0.007010391636912194,-0.010186510156343531,-0.008509025838014717
2021-12-21,99.72637989503934,-0.008509025838014717,0.002252290525571521,0.006250497152912038,0.007010391636912194,0.006438640109994509
2021-12-22,100.3684821646561,0.006438640109994509,-0.008509025838014717,0.002252290525571521,0.006250497152912038,0.0029296843867392397
2021-12-23,100.66253013977462,0.0029296843867392397,0.006438640109994509,-0.008509025838014717,0.002252290525571521,-0.015530317474564015
2021-12-24,99.09920908891105,-0.015530317474564015,0.0029296843867392397,0.006438640109994509,-0.008509025838014717,-0.01283602403310069
2021-12-25,97.82716925938452,-0.01283602403310069,-0.015530317474564015,0.0029296843867392397,0.006438640109994509,0.008065542213547383
2021-12-26,98.61619842267794,0.008065542213547383,-0.01283602403310069,-0.015530317474564015,0.0029296843867392397,-0.0055479911527144266
2021-12-27,98.0690766263146,-0.0055479911527144266,0.008065542213547383,-0.01283602403310069,-0.015530317474564015,0.012639736125009904
2021-12-28,99.30864387689459,0.012639736125009904,-0.0055479911527144266,0.008065542213547383,-0.01283602403310069,0.01792258809238545
2021-12-29,101.08851179511356,0.01792258809238545,0.012639736125009904,-0.0055479911527144266,0.008065542213547383,-0.009282930476384621
2021-12-30,100.15011416815834,-0.009282930476384621,0.01792258809238545,0.012639736125009904,-0.0055479911527144266,0.019765910858716484
2021-12-31,102.12967239729643,0.019765910858716484,-0.009282930476384621,0.01792258809238545,0.012639736125009904,-0.005177505025925511
2022-01-01,101.60089550516331,-0.005177505025925511,0.019765910858716484,-0.009282930476384621,0.01792258809238545,0.00024569218990833086
2022-01-02,101.62585805167662,0.00024569218990833086,-0.005177505025925511,0.019765910858716484,-0.009282930476384621,0.009126629496055472
2022-01-03,102.55335960533299,0.009126629496055472,0.00024569218990833086,-0.005177505025925511,0.019765910858716484,0.015299395342831312
2022-01-04,104.12236399767053,0.015299395342831312,0.009126629496055472,0.00024569218990833086,-0.005177505025925511,0.0015183800325357932
2022-01-05,104.28046131610502,0.0015183800325357932,0.015299395342831312,0.009126629496055472,0.00024569218990833086,0.0032167183395961363
2022-01-06,104.61590218848208,0.0032167183395961363,0.0015183800325357932,0.015299395342831312,0.009126629496055472,-0.007302719556272708
2022-01-07,103.85192159367314,-0.007302719556272708,0.0032167183395961363,0.0015183800325357932,0.015299395342831312,0.011296164457839986
2022-01-08,105.02504997925799,0.011296164457839986,-0.007302719556272708,0.0032167183395961363,0.0015183800325357932,0.009056438080293994
2022-01-09,105.97620284127493,0.009056438080293994,0.011296164457839986,-0.007302719556272708,0.0032167183395961363,0.009102106270553856
2022-01-10,106.94080950168599,0.009102106270553856,0.009056438080293994,0.011296164457839986,-0.007302719556272708,-0.013146664280728748
2022-01-11,105.53489458125796,-0.013146664280728748,0.009102106270553856,0.009056438080293994,0.011296164457839986,0.007627540730096971
2022-01-12,106.339866288123,0.007627540730096971,-0.013146664280728748,0.009102106270553856,0.009056438080293994,0.006912468064957933
2022-01-13,107.07493721787155,0.006912468064957933,0.007627540730096971,-0.013146664280728748,0.009102106270553856,0.01172830854436202
2022-01-14,108.33074511893095,0.01172830854436202,0.006912468064957933,0.007627540730096971,-0.013146664280728748,-0.020466103141587033
2022-01-15,106.11363691592193,-0.020466103141587033,0.01172830854436202,0.006912468064957933,0.007627540730096971,0.007839226706395364
2022-01-16,106.94548577234596,0.007839226706395364,-0.020466103141587033,0.01172830854436202,0.006912468064957933,-0.007147142963103814
2022-01-17,106.18113109627242,-0.007147142963103814,0.007839226706395364,-0.020466103141587033,0.01172830854436202,0.0005189212430531942
2022-01-18,106.2362307408097,0.0005189212430531942,-0.007147142963103814,0.007839226706395364,-0.020466103141587033,-0.001095318730494066
2022-01-19,106.1198682074222,-0.001095318730494066,0.0005189212430531942,-0.007147142963103814,0.007839226706395364,-0.011425841890518762
2022-01-20,104.90735937184151,-0.011425841890518762,-0.001095318730494066,0.0005189212430531942,-0.007147142963103814,0.006635311138017297
2022-01-21,105.60345234194146,0.006635311138017297,-0.011425841890518762,-0.001095318730494066,0.0005189212430531942,0.021899799814265597
2022-01-22,107.91614680792532,0.021899799814265597,0.006635311138017297,-0.011425841890518762,-0.001095318730494066,0.014940106170740153
2022-01-23,109.5284254987729,0.014940106170740153,0.021899799814265597,0.006635311138017297,-0.011425841890518762,0.010138086438413962
2022-01-24,110.63883414394286,0.010138086438413962,0.014940106170740153,0.021899799814265597,0.006635311138017297,0.007181239316749188
2022-01-25,111.43335808965664,0.007181239316749188,0.010138086438413962,0.014940106170740153,0.021899799814265597,0.0009355485944542163
2022-01-26,111.53760941119272,0.0009355485944542163,0.007181239316749188,0.010138086438413962,0.014940106170740153,-0.004601630224936204
2022-01-27,111.02435457650904,-0.004601630224936204,0.0009355485944542163,0.007181239316749188,0.010138086438413962,-0.0027497478148448273
2022-01-28,110.71906560011773,-0.0027497478148448273,-0.004601630224936204,0.0009355485944542163,0.007181239316749188,0.0022778025571881244
2022-01-29,110.97126177087115,0.0022778025571881244,-0.0027497478148448273,-0.004601630224936204,0.0009355485944542163,-0.008605615161488056
2022-01-30,110.01628579808629,-0.008605615161488056,0.0022778025571881244,-0.0027497478148448273,-0.004601630224936204,-0.010630651560114557
2022-01-31,108.84674099782885,-0.010630651560114557,-0.008605615161488056,0.0022778025571881244,-0.0027497478148448273,-0.01435939536966635
2022-02-01,107.28376760914135,-0.01435939536966635,-0.010630651560114557,-0.008605615161488056,0.0022778025571881244,-0.0073574469771165996
2022-02-02,106.4944329774518,-0.0073574469771165996,-0.01435939536966635,-0.010630651560114557,-0.008605615161488056,0.004341667540514349
2022-02-03,106.95679640035549,0.004341667540514349,-0.0073574469771165996,-0.01435939536966635,-0.010630651560114557,0.015569886809562838
2022-02-04,108.62210161382248,0.015569886809562838,0.004341667540514349,-0.0073574469771165996,-0.01435939536966635,-0.008206123967474888
2022-02-05,107.7307351823718,-0.008206123967474888,0.015569886809562838,0.004341667540514349,-0.0073574469771165996,-0.013969871061071726
2022-02-06,106.22575070255961,-0.013969871061071726,-0.008206123967474888,0.015569886809562838,0.004341667540514349,0.0004324684326282302
2022-02-07,106.2716899864707,0.0004324684326282302,-0.013969871061071726,-0.008206123967474888,0.015569886809562838,0.00028258116779533715
2022-02-08,106.30172036473067,0.00028258116779533715,0.0004324684326282302,-0.013969871061071726,-0.008206123967474888,0.012973617661306447
2022-02-09,107.6808382414818,0.012973617661306447,0.00028258116779533715,0.0004324684326282302,-0.013969871061071726,-0.0019910986761694227
2022-02-10,107.46643506701037,-0.0019910986761694227,0.012973617661306447,0.00028258116779533715,0.0004324684326282302,0.010123593845084544
2022-02-11,108.55438160760794,0.010123593845084544,-0.0019910986761694227,0.012973617661306447,0.00028258116779533715,0.0074474270439810475
2022-02-12,109.36283244493508,0.0074474270439810475,0.010123593845084544,-0.0019910986761694227,0.012973617661306447,0.0059443681073156895
2022-02-13,110.01292537824646,0.0059443681073156895,0.0074474270439810475,0.010123593845084544,-0.0019910986761694227,0.0032560529665537352
2022-02-14,110.37113329028357,0.0032560529665537352,0.0059443681073156895,0.0074474270439810475,0.010123593845084544,0.011363563392394305
2022-02-15,111.62534266011811,0.011363563392394305,0.0032560529665537352,0.0059443681073156895,0.0074474270439810475,-0.006308399101172757
2022-02-16,110.92116544881291,-0.006308399101172757,0.011363563392394305,0.0032560529665537352,0.0059443681073156895,0.013064719652032819
2022-02-17,112.37031937887839,0.013064719652032819,-0.006308399101172757,0.011363563392394305,0.0032560529665537352,-0.0003886417197981329
2022-02-18,112.32664758470072,-0.0003886417197981329,0.013064719652032819,-0.006308399101172757,0.011363563392394305,0.0008412240369835011
2022-02-19,112.42113946064275,0.0008412240369835011,-0.0003886417197981329,0.013064719652032819,-0.006308399101172757,-0.0002100740863640871
2022-02-20,112.39752269248254,-0.0002100740863640871,0.0008412240369835011,-0.0003886417197981329,0.013064719652032819,-0.007506611597521307
2022-02-21,111.55379814510648,-0.007506611597521307,-0.0002100740863640871,0.0008412240369835011,-0.0003886417197981329,0.0032723938771559435
2022-02-22,111.91884611113002,0.0032723938771559435,-0.007506611597521307,-0.0002100740863640871,0.0008412240369835011,-0.013247362835606125
2022-02-23,110.43621654855352,-0.013247362835606125,0.0032723938771559435,-0.007506611597521307,-0.0002100740863640871,-0.005157770873610912
2022-02-24,109.8666118474476,-0.005157770873610912,-0.013247362835606125,0.0032723938771559435,-0.007506611597521307,-0.008338292972873584
2022-02-25,108.9505118499266,-0.008338292972873584,-0.005157770873610912,-0.013247362835606125,0.0032723938771559435,0.0032724010855313956
2022-02-26,109.30704162317349,0.0032724010855313956,-0.008338292972873584,-0.005157770873610912,-0.013247362835606125,0.006311900931433856
2022-02-27,109.99697684100707,0.006311900931433856,0.0032724010855313956,-0.008338292972873584,-0.005157770873610912,-0.008609587113643569
2022-02-28,109.04994828665698,-0.008609587113643569,0.006311900931433856,0.0032724010855313956,-0.008338292972873584,0.02158623657777503
2022-03-01,111.4039262691669,0.02158623657777503,-0.008609587113643569,0.006311900931433856,0.0032724010855313956,-0.01261660154388411
2022-03-02,109.99838732100459,-0.01261660154388411,0.02158623657777503,-0.008609587113643569,0.006311900931433856,0.0009062884141441963
2022-03-03,110.09807758500816,0.0009062884141441963,-0.01261660154388411,0.02158623657777503,-0.008609587113643569,-0.0050240865770072585
2022-03-04,109.54493531125901,-0.0050240865770072585,0.0009062884141441963,-0.01261660154388411,0.02158623657777503,0.005279435991955905
2022-03-05,110.12327078547774,0.005279435991955905,-0.0050240865770072585,0.0009062884141441963,-0.01261660154388411,0.0037666980153834295
2022-03-06,110.53807189099294,0.0037666980153834295,0.005279435991955905,-0.0050240865770072585,0.0009062884141441963,-0.002029397421360213
2022-03-07,110.31374621293523,-0.002029397421360213,0.0037666980153834295,0.005279435991955905,-0.0050240865770072585,-0.013390305287450555
2022-03-08,108.83661147374168,-0.013390305287450555,-0.002029397421360213,0.0037666980153834295,0.005279435991955905,-0.003478415777605326
2022-03-09,108.45803248721032,-0.003478415777605326,-0.013390305287450555,-0.002029397421360213,0.0037666980153834295,0.003017948430741324
2022-03-10,108.7853532361564,0.003017948430741324,-0.003478415777605326,-0.013390305287450555,-0.002029397421360213,-0.003191417330862145
2022-03-11,108.43817377449457,-0.003191417330862145,0.003017948430741324,-0.003478415777605326,-0.013390305287450555,-0.0010888102445782977
2022-03-12,108.32010517998555,-0.0010888102445782977,-0.003191417330862145,0.003017948430741324,-0.003478415777605326,-0.022097344622211135
2022-03-13,105.92651848630925,-0.022097344622211135,-0.0010888102445782977,-0.003191417330862145,0.003017948430741324,0.0022493905176552698
2022-03-14,106.16478859256058,0.0022493905176552698,-0.022097344622211135,-0.0010888102445782977,-0.003191417330862145,0.009389002119835954
2022-03-15,107.16157001770807,0.009389002119835954,0.0022493905176552698,-0.022097344622211135,-0.0010888102445782977,-0.009298560513602783
2022-03-16,106.16512167416573,-0.009298560513602783,0.009389002119835954,0.0022493905176552698,-0.022097344622211135,-0.006502890772367653
2022-03-17,105.47474148408351,-0.006502890772367653,-0.009298560513602783,0.009389002119835954,0.0022493905176552698,0.0016004568336829283
2022-03-18,105.64354925487265,0.0016004568336829283,-0.006502890772367653,-0.009298560513602783,0.009389002119835954,-0.007649215966903711
2022-03-19,104.8354589311119,-0.007649215966903711,0.0016004568336829283,-0.006502890772367653,-0.009298560513602783,0.006327920173259782
2022-03-20,105.49884934655503,0.006327920173259782,-0.007649215966903711,0.0016004568336829283,-0.006502890772367653,0.009768758175056291
2022-03-21,106.52944209356824,0.009768758175056291,0.006327920173259782,-0.007649215966903711,0.0016004568336829283,0.0017400386375108212
2022-03-22,106.71480743884352,0.0017400386375108212,0.009768758175056291,0.006327920173259782,-0.007649215966903711,0.003534044319444485
2022-03-23,107.09194229787339,0.003534044319444485,0.0017400386375108212,0.009768758175056291,0.006327920173259782,0.007398666917346475
2022-03-24,107.88427990846704,0.007398666917346475,0.003534044319444485,0.0017400386375108212,0.009768758175056291,0.0018469217734089494
2022-03-25,108.08353373403854,0.0018469217734089494,0.007398666917346475,0.003534044319444485,0.0017400386375108212,-0.011467354465337865
2022-03-26,106.84410154084402,-0.011467354465337865,0.0018469217734089494,0.007398666917346475,0.003534044319444485,0.003564358555913971
2022-03-27,107.22493222832007,0.003564358555913971,-0.011467354465337865,0.0018469217734089494,0.007398666917346475,-0.01040219432061873
2022-03-28,106.10955764726592,-0.01040219432061873,0.003564358555913971,-0.011467354465337865,0.0018469217734089494,-0.003692778383573181
2022-03-29,105.71771856649558,-0.003692778383573181,-0.01040219432061873,0.003564358555913971,-0.011467354465337865,0.006983856379797926
2022-03-30,106.45603592976387,0.006983856379797926,-0.003692778383573181,-0.01040219432061873,0.003564358555913971,0.011134562807127546
2022-03-31,107.64137734802165,0.011134562807127546,0.006983856379797926,-0.003692778383573181,-0.01040219432061873,0.009772398470048405
2022-04-01,108.69329177933136,0.009772398470048405,0.011134562807127546,0.006983856379797926,-0.003692778383573181,0.0010345300604064356
2022-04-02,108.8057382570416,0.0010345300604064356,0.009772398470048405,0.011134562807127546,0.006983856379797926,-0.001976257286809169
2022-04-03,108.59071012396447,-0.001976257286809169,0.0010345300604064356,0.009772398470048405,0.011134562807127546,-0.0005303653972409395
2022-04-04,108.5331173688529,-0.0005303653972409395,-0.001976257286809169,0.0010345300604064356,0.009772398470048405,0.0025257195816059674
2022-04-05,108.80724158864416,0.0025257195816059674,-0.0005303653972409395,-0.001976257286809169,0.0010345300604064356,0.010783649133903506
2022-04-06,109.98058070516397,0.010783649133903506,0.0025257195816059674,-0.0005303653972409395,-0.001976257286809169,0.005008629443787882
2022-04-07,110.53143267992876,0.005008629443787882,0.010783649133903506,0.0025257195816059674,-0.0005303653972409395,0.007326121431964205
2022-04-08,111.3411993777909,0.007326121431964205,0.005008629443787882,0.010783649133903506,0.0025257195816059674,0.004443003346624508
2022-04-09,111.83588869924361,0.004443003346624508,0.007326121431964205,0.005008629443787882,0.010783649133903506,0.0037838028476044894
2022-04-10,112.2590536533682,0.0037838028476044894,0.004443003346624508,0.007326121431964205,0.005008629443787882,-0.004760997747609852
2022-04-11,111.7245885517757,-0.004760997747609852,0.0037838028476044894,0.004443003346624508,0.007326121431964205,0.008069029651720072
2022-04-12,112.6260975696262,0.008069029651720072,-0.004760997747609852,0.0037838028476044894,0.004443003346624508,-0.002985121777632993
2022-04-13,112.28989495304128,-0.002985121777632993,0.008069029651720072,-0.004760997747609852,0.0037838028476044894,0.0017302223209594292
2022-04-14,112.48418143570723,0.0017302223209594292,-0.002985121777632993,0.008069029651720072,-0.004760997747609852,-0.002779540903752764
2022-04-15,112.17152705238153,-0.002779540903752764,0.0017302223209594292,-0.002985121777632993,0.008069029651720072,-0.01864021387291026
2022-04-16,110.0806257976742,-0.01864021387291026,-0.002779540903752764,0.0017302223209594292,-0.002985121777632993,-0.0006410978726051342
2022-04-17,110.01005334266027,-0.0006410978726051342,-0.01864021387291026,-0.002779540903752764,0.0017302223209594292,0.00509478638760319
2022-04-18,110.57053106492997,0.00509478638760319,-0.0006410978726051342,-0.01864021387291026,-0.002779540903752764,-0.01214080388685368
2022-04-19,109.22811593160539,-0.01214080388685368,0.00509478638760319,-0.0006410978726051342,-0.01864021387291026,0.006886771534299507
2022-04-20,109.98034501114833,0.006886771534299507,-0.01214080388685368,0.00509478638760319,-0.0006410978726051342,0.014848429553962372
2022-04-21,111.61338041636684,0.014848429553962372,0.006886771534299507,-0.01214080388685368,0.00509478638760319,0.002618141924269457
2022-04-22,111.90560008694436,0.002618141924269457,0.014848429553962372,0.006886771534299507,-0.01214080388685368,0.015616954353798507
2022-04-23,113.65322473543661,0.015616954353798507,0.002618141924269457,0.014848429553962372,0.006886771534299507,0.015354763164524998
2022-04-24,115.39834308413378,0.015354763164524998,0.015616954353798507,0.002618141924269457,0.014848429553962372,-0.00301869260980947
2022-04-25,115.04999095868145,-0.00301869260980947,0.015354763164524998,0.015616954353798507,0.002618141924269457,-0.008588784606756161
2022-04-26,114.06185136732809,-0.008588784606756161,-0.00301869260980947,0.015354763164524998,0.015616954353798507,-0.007023040680058212
2022-04-27,113.26079034513259,-0.007023040680058212,-0.008588784606756161,-0.00301869260980947,0.015354763164524998,0.0041434304287006896
2022-04-28,113.73007855022729,0.0041434304287006896,-0.007023040680058212,-0.008588784606756161,-0.00301869260980947,-0.015959398066008545
2022-04-29,111.91501495456579,-0.015959398066008545,0.0041434304287006896,-0.007023040680058212,-0.008588784606756161,0.005038265597364644
2022-04-30,112.47887252423993,0.005038265597364644,-0.015959398066008545,0.0041434304287006896,-0.007023040680058212,0.006971892578067296
2022-05-01,113.26306314078106,0.006971892578067296,0.005038265597364644,-0.015959398066008545,0.0041434304287006896,-0.018427514816396262
2022-05-02,111.17590636660388,-0.018427514816396262,0.006971892578067296,0.005038265597364644,-0.015959398066008545,-0.009332036261163745
2022-05-03,110.13840877702299,-0.009332036261163745,-0.018427514816396262,0.006971892578067296,0.005038265597364644,0.008107510095091808
2022-05-04,111.03135703804006,0.008107510095091808,-0.009332036261163745,-0.018427514816396262,0.006971892578067296,0.006891632050973762
2022-05-05,111.79654429686653,0.006891632050973762,0.008107510095091808,-0.009332036261163745,-0.018427514816396262,-0.013076846469809666
2022-05-06,110.33459805124113,-0.013076846469809666,0.006891632050973762,0.008107510095091808,-0.009332036261163745,-0.003562612131065901
2022-05-07,109.9415186737475,-0.003562612131065901,-0.013076846469809666,0.006891632050973762,0.008107510095091808,0.0043013848053323755
2022-05-08,110.41441945164593,0.0043013848053323755,-0.003562612131065901,-0.013076846469809666,0.006891632050973762,0.00036836407385676395
2022-05-09,110.45509215700767,0.00036836407385676395,0.0043013848053323755,-0.003562612131065901,-0.013076846469809666,-0.006654518540346155
2022-05-10,109.72006669837322,-0.006654518540346155,0.00036836407385676395,0.0043013848053323755,-0.003562612131065901,-0.0103031276118144
2022-05-11,108.58960684960309,-0.0103031276118144,-0.006654518540346155,0.00036836407385676395,0.0043013848053323755,0.005067543552225162
2022-05-12,109.13988941163247,0.005067543552225162,-0.0103031276118144,-0.006654518540346155,0.00036836407385676395,-0.004223882911382759
2022-05-13,108.67889529779647,-0.004223882911382759,0.005067543552225162,-0.0103031276118144,-0.006654518540346155,0.001089352762218443
2022-05-14,108.79728495258398,0.001089352762218443,-0.004223882911382759,0.005067543552225162,-0.0103031276118144,0.004710976663161004
2022-05-15,109.30982642301088,0.004710976663161004,0.001089352762218443,-0.004223882911382759,0.005067543552225162,0.007446291543174111
2022-05-16,110.12377925909037,0.007446291543174111,0.004710976663161004,0.001089352762218443,-0.004223882911382759,-0.013470073604601618
2022-05-17,108.64040384685352,-0.013470073604601618,0.007446291543174111,0.004710976663161004,0.001089352762218443,0.009006829734763633
2022-05-18,109.61890946661809,0.009006829734763633,-0.013470073604601618,0.007446291543174111,0.004710976663161004,0.011047292680040455
2022-05-19,110.82990164276268,0.011047292680040455,0.009006829734763633,-0.013470073604601618,0.007446291543174111,-0.003308354284569326
2022-05-20,110.46323706280445,-0.003308354284569326,0.011047292680040455,0.009006829734763633,-0.013470073604601618,0.00847658940230378
2022-05-21,111.39958856743519,0.00847658940230378,-0.003308354284569326,0.011047292680040455,0.009006829734763633,-0.0065840369116818565
2022-05-22,110.66612956436103,-0.0065840369116818565,0.00847658940230378,-0.003308354284569326,0.011047292680040455,0.0029558866261940597
2022-05-23,110.993246096713,0.0029558866261940597,-0.0065840369116818565,0.00847658940230378,-0.003308354284569326,0.002694515991932045
2022-05-24,111.29231917331703,0.002694515991932045,0.0029558866261940597,-0.0065840369116818565,0.00847658940230378,0.005463590127187556
2022-05-25,111.90037478958416,0.005463590127187556,0.002694515991932045,0.0029558866261940597,-0.0065840369116818565,-0.014723743670861378
2022-05-26,110.25278235450901,-0.014723743670861378,0.005463590127187556,0.002694515991932045,0.0029558866261940597,0.0010714912632763252
2022-05-27,110.37091724755378,0.0010714912632763252,-0.014723743670861378,0.005463590127187556,0.002694515991932045,-0.007650674048941264
2022-05-28,109.52650533521008,-0.007650674048941264,0.0010714912632763252,-0.014723743670861378,0.005463590127187556,-0.01047327210694149
2022-05-29,108.37940444191204,-0.01047327210694149,-0.007650674048941264,0.0010714912632763252,-0.014723743670861378,-0.015442861288422427
2022-05-30,106.70571633259377,-0.015442861288422427,-0.01047327210694149,-0.007650674048941264,0.0010714912632763252,-0.00039188991109095905
2022-05-31,106.6638994389073,-0.00039188991109095905,-0.015442861288422427,-0.01047327210694149,-0.007650674048941264,-0.013164468135184348
2022-06-01,105.25972593356929,-0.013164468135184348,-0.00039188991109095905,-0.015442861288422427,-0.01047327210694149,0.006244959976906994
2022-06-02,105.91706870920463,0.006244959976906994,-0.013164468135184348,-0.00039188991109095905,-0.015442861288422427,-0.0025425575245843213
2022-06-03,105.64776846917613,-0.0025425575245843213,0.006244959976906994,-0.013164468135184348,-0.00039188991109095905,0.00026130803844925943
2022-06-04,105.67537508032134,0.00026130803844925943,-0.0025425575245843213,0.006244959976906994,-0.013164468135184348,0.0002254628397855285
2022-06-05,105.69920095048235,0.0002254628397855285,0.00026130803844925943,-0.0025425575245843213,0.006244959976906994,-0.011968764283672884
2022-06-06,104.43411212933346,-0.011968764283672884,0.0002254628397855285,0.00026130803844925943,-0.0025425575245843213,0.007535690291697428
2022-06-07,105.22109525422852,0.007535690291697428,-0.011968764283672884,0.0002254628397855285,0.00026130803844925943,-0.009506017035061931
2022-06-08,104.22086173029395,-0.009506017035061931,0.007535690291697428,-0.011968764283672884,0.0002254628397855285,-0.007517092127953595
2022-06-09,103.43742391101262,-0.007517092127953595,-0.009506017035061931,0.007535690291697428,-0.011968764283672884,0.0012846936791643948
2022-06-10,103.57030931570014,0.0012846936791643948,-0.007517092127953595,-0.009506017035061931,0.007535690291697428,0.0019533010126639994
2022-06-11,103.77261330576842,0.0019533010126639994,0.0012846936791643948,-0.007517092127953595,-0.009506017035061931,-0.01406646270964651
2022-06-12,102.31289971042025,-0.01406646270964651,0.0019533010126639994,0.0012846936791643948,-0.007517092127953595,0.007251213560425018
2022-06-13,103.05479239620686,0.007251213560425018,-0.01406646270964651,0.0019533010126639994,0.0012846936791643948,0.003464986557498273
2022-06-14,103.41187586654549,0.003464986557498273,0.007251213560425018,-0.01406646270964651,0.0019533010126639994,0.002139426911869746
2022-06-15,103.63311801678131,0.002139426911869746,0.003464986557498273,0.007251213560425018,-0.01406646270964651,-0.013539303281609905
2022-06-16,102.22999780193324,-0.013539303281609905,0.002139426911869746,0.003464986557498273,0.007251213560425018,-0.004947525052322321
2022-06-17,101.72421232670932,-0.004947525052322321,-0.013539303281609905,0.002139426911869746,0.003464986557498273,0.0024402155386589186
2022-06-18,101.9724413302868,0.0024402155386589186,-0.004947525052322321,-0.013539303281609905,0.002139426911869746,0.0009686740191148235
2022-06-19,102.07121938486915,0.0009686740191148235,0.0024402155386589186,-0.004947525052322321,-0.013539303281609905,-0.006455129013532179
2022-06-20,101.41233649517127,-0.006455129013532179,0.0009686740191148235,0.0024402155386589186,-0.004947525052322321,-0.0019066852534815881
2022-06-21,101.21897508865482,-0.0019066852534815881,-0.006455129013532179,0.0009686740191148235,0.0024402155386589186,0.002658505698100111
2022-06-22,101.48806631068386,0.002658505698100111,-0.0019066852534815881,-0.006455129013532179,0.0009686740191148235,-0.018452635725456523
2022-06-23,99.61534399257184,-0.018452635725456523,0.002658505698100111,-0.0019066852534815881,-0.006455129013532179,-0.006321429101996956
2022-06-24,98.98563265805176,-0.006321429101996956,-0.018452635725456523,0.002658505698100111,-0.0019066852534815881,-0.0066830462810733016
2022-06-25,98.32410709383667,-0.0066830462810733016,-0.006321429101996956,-0.018452635725456523,0.002658505698100111,-0.01549002324987414
2022-06-26,96.80106438893003,-0.01549002324987414,-0.0066830462810733016,-0.006321429101996956,-0.018452635725456523,0.010828026409712255
2022-06-27,97.84922887062162,0.010828026409712255,-0.01549002324987414,-0.0066830462810733016,-0.006321429101996956,-0.021411911717624577
2022-06-28,95.75408982040622,-0.021411911717624577,0.010828026409712255,-0.01549002324987414,-0.0066830462810733016,-0.0071347306363716
2022-06-29,95.07091018220669,-0.0071347306363716,-0.021411911717624577,0.010828026409712255,-0.01549002324987414,0.003457428891828984
2022-06-30,95.39961109384313,0.003457428891828984,-0.0071347306363716,-0.021411911717624577,0.010828026409712255,0.006177745349579267
2022-07-01,95.98896559762979,0.006177745349579267,0.003457428891828984,-0.0071347306363716,-0.021411911717624577,0.006883591150867119
2022-07-02,96.64971439179851,0.006883591150867119,0.006177745349579267,0.003457428891828984,-0.0071347306363716,0.003129290039922239
2022-07-03,96.95215938040609,0.003129290039922239,0.006883591150867119,0.006177745349579267,0.003457428891828984,-0.0004819648721193781
2022-07-04,96.90543184530861,-0.0004819648721193781,0.003129290039922239,0.006883591150867119,0.006177745349579267,-0.0032173572097140557
2022-07-05,96.59365245550066,-0.0032173572097140557,-0.0004819648721193781,0.003129290039922239,0.006883591150867119,0.007245367120702673
2022-07-06,97.29350892907033,0.007245367120702673,-0.0032173572097140557,-0.0004819648721193781,0.003129290039922239,0.017463407356330007
2022-07-07,98.99258510862542,0.017463407356330007,0.007245367120702673,-0.0032173572097140557,-0.0004819648721193781,-0.01077361258751619
2022-07-08,97.92607734762836,-0.01077361258751619,0.017463407356330007,0.007245367120702673,-0.0032173572097140557,-0.007562039233954265
2022-07-09,97.18555650869835,-0.007562039233954265,-0.01077361258751619,0.017463407356330007,0.007245367120702673,-0.005686511275006967
2022-07-10,96.63290974584382,-0.005686511275006967,-0.007562039233954265,-0.01077361258751619,0.017463407356330007,-0.0010474292091062765
2022-07-11,96.53169361361509,-0.0010474292091062765,-0.005686511275006967,-0.007562039233954265,-0.01077361258751619,0.013329655436296939
2022-07-12,97.81842782816676,0.013329655436296939,-0.0010474292091062765,-0.005686511275006967,-0.007562039233954265,0.004460243822340004
2022-07-13,98.25472186659835,0.004460243822340004,0.013329655436296939,-0.0010474292091062765,-0.005686511275006967,0.025205147194571564
2022-07-14,100.73124659380765,0.025205147194571564,0.004460243822340004,0.013329655436296939,-0.0010474292091062765,4.973829377563632e-05
2022-07-15,100.73625679414313,4.973829377563632e-05,0.025205147194571564,0.004460243822340004,0.013329655436296939,-0.00021006089835218233
2022-07-16,100.71509604554431,-0.00021006089835218233,4.973829377563632e-05,0.025205147194571564,0.004460243822340004,0.013836578883035688
2022-07-17,102.108648416691,0.013836578883035688,-0.00021006089835218233,4.973829377563632e-05,0.025205147194571564,-0.011568091580620332
2022-07-18,100.92744622063336,-0.011568091580620332,0.013836578883035688,-0.00021006089835218233,4.973829377563632e-05,0.01198092725442268
2022-07-19,102.13665061177743,0.01198092725442268,-0.011568091580620332,0.013836578883035688,-0.00021006089835218233,-0.0013355045036013147
2022-07-20,102.00024665490264,-0.0013355045036013147,0.01198092725442268,-0.011568091580620332,0.013836578883035688,-0.009109805359446499
2022-07-21,101.07104426126094,-0.009109805359446499,-0.0013355045036013147,0.01198092725442268,-0.011568091580620332,-0.005075868710989084
2022-07-22,100.55802091010821,-0.005075868710989084,-0.009109805359446499,-0.0013355045036013147,0.01198092725442268,-0.0030519469469089122
2022-07-23,100.2511231652044,-0.0030519469469089122,-0.005075868710989084,-0.009109805359446499,-0.0013355045036013147,0.001942034813763538
2022-07-24,100.44581433651013,0.001942034813763538,-0.0030519469469089122,-0.005075868710989084,-0.009109805359446499,-0.014925471958727843
2022-07-25,98.94661315125896,-0.014925471958727843,0.001942034813763538,-0.0030519469469089122,-0.005075868710989084,0.009291667505549439
2022-07-26,99.86599218146068,0.009291667505549439,-0.014925471958727843,0.001942034813763538,-0.0030519469469089122,0.000269946985010483
2022-07-27,99.89295070495514,0.000269946985010483,0.009291667505549439,-0.014925471958727843,0.001942034813763538,-0.009882793745568885
2022-07-28,98.90572927650179,-0.009882793745568885,0.000269946985010483,0.009291667505549439,-0.014925471958727843,0.0021358394728481223
2022-07-29,99.11697603718137,0.0021358394728481223,-0.009882793745568885,0.000269946985010483,0.009291667505549439,-0.01581950976105584
2022-07-30,97.54899406727485,-0.01581950976105584,0.0021358394728481223,-0.009882793745568885,0.000269946985010483,0.00883869150051475
2022-07-31,98.41119953202103,0.00883869150051475,-0.01581950976105584,0.0021358394728481223,-0.009882793745568885,-0.005935699422125906
2022-08-01,97.8270602318281,-0.005935699422125906,0.00883869150051475,-0.01581950976105584,0.0021358394728481223,-0.008528571641310045
2022-08-02,96.9927351401822,-0.008528571641310045,-0.005935699422125906,0.00883869150051475,-0.01581950976105584,0.0006653284118156577
2022-08-03,97.05726716261069,0.0006653284118156577,-0.008528571641310045,-0.005935699422125906,0.00883869150051475,-0.0013292580595684056
2022-08-04,96.9282530079951,-0.0013292580595684056,0.0006653284118156577,-0.008528571641310045,-0.005935699422125906,0.0018238384139446229
2022-08-05,97.10503447922761,0.0018238384139446229,-0.0013292580595684056,0.0006653284118156577,-0.008528571641310045,0.015209079516204316
2022-08-06,98.58191267004595,0.015209079516204316,0.0018238384139446229,-0.0013292580595684056,0.0006653284118156577,-0.0024061214973040146
2022-08-07,98.34471261072521,-0.0024061214973040146,0.015209079516204316,0.0018238384139446229,-0.0013292580595684056,0.005204609621832779
2022-08-08,98.85655844823538,0.005204609621832779,-0.0024061214973040146,0.015209079516204316,0.0018238384139446229,-0.006506801190900302
2022-08-09,98.21331847599609,-0.006506801190900302,0.005204609621832779,-0.0024061214973040146,0.015209079516204316,-0.011185752683609773
2022-08-10,97.114728585287,-0.011185752683609773,-0.006506801190900302,0.005204609621832779,-0.0024061214973040146,0.0054008408816892395
2022-08-11,97.63922978164456,0.0054008408816892395,-0.011185752683609773,-0.006506801190900302,0.005204609621832779,-0.01548042870594668
2022-08-12,96.12773264610627,-0.01548042870594668,0.0054008408816892395,-0.011185752683609773,-0.006506801190900302,-0.0036974416724921966
2022-08-13,95.77230596153836,-0.0036974416724921966,-0.01548042870594668,0.0054008408816892395,-0.011185752683609773,-0.0007838390168405374
2022-08-14,95.69723589139292,-0.0007838390168405374,-0.0036974416724921966,-0.01548042870594668,0.0054008408816892395,0.001191291952253648
2022-08-15,95.81123923836326,0.001191291952253648,-0.0007838390168405374,-0.0036974416724921966,-0.01548042870594668,0.008772159556974968
2022-08-16,96.65171071631369,0.008772159556974968,0.001191291952253648,-0.0007838390168405374,-0.0036974416724921966,0.00045904181199896144
2022-08-17,96.6960778927337,0.00045904181199896144,0.008772159556974968,0.001191291952253648,-0.0007838390168405374,-0.0055463287002506245
2022-08-18,96.15976966071555,-0.0055463287002506245,0.00045904181199896144,0.008772159556974968,0.001191291952253648,-0.009262656254003354
2022-08-19,95.26907476888421,-0.009262656254003354,-0.0055463287002506245,0.00045904181199896144,0.008772159556974968,0.0023507017200452562
2022-08-20,95.49302394681055,0.0023507017200452562,-0.009262656254003354,-0.0055463287002506245,0.00045904181199896144,0.012762692558496713
2022-08-21,96.71177205292486,0.012762692558496713,0.0023507017200452562,-0.009262656254003354,-0.0055463287002506245,0.019045683352953757
2022-08-22,98.5537138399479,0.019045683352953757,0.012762692558496713,0.0023507017200452562,-0.009262656254003354,-0.012201903006867076
2022-08-23,97.35117098270632,-0.012201903006867076,0.019045683352953757,0.012762692558496713,0.0023507017200452562,0.0
